<annotation>
	<folder>processed_dataset_1</folder>
	<filename>04140357-13C5-4E02-BE61-D77D008EB251.png</filename>
	<path>C:\Users\Kesava\Documents\Genie\processed_dataset_1\04140357-13C5-4E02-BE61-D77D008EB251.png</path>
	<source>
		<database>Unknown</database>
	</source>
	<size>
		<width>720</width>
		<height>720</height>
		<depth>1</depth>
	</size>
	<segmented>0</segmented>
	<object>
		<name>picture</name>
		<pose>Unspecified</pose>
		<truncated>0</truncated>
		<difficult>0</difficult>
		<bndbox>
			<xmin>265</xmin>
			<ymin>87</ymin>
			<xmax>433</xmax>
			<ymax>200</ymax>
		</bndbox>
	</object>
	<object>
		<name>paragraph</name>
		<pose>Unspecified</pose>
		<truncated>0</truncated>
		<difficult>0</difficult>
		<bndbox>
			<xmin>251</xmin>
			<ymin>211</ymin>
			<xmax>438</xmax>
			<ymax>324</ymax>
		</bndbox>
	</object>
	<object>
		<name>heading1</name>
		<pose>Unspecified</pose>
		<truncated>0</truncated>
		<difficult>0</difficult>
		<bndbox>
			<xmin>262</xmin>
			<ymin>351</ymin>
			<xmax>445</xmax>
			<ymax>477</ymax>
		</bndbox>
	</object>
	<object>
		<name>search bar</name>
		<pose>Unspecified</pose>
		<truncated>0</truncated>
		<difficult>0</difficult>
		<bndbox>
			<xmin>244</xmin>
			<ymin>515</ymin>
			<xmax>462</xmax>
			<ymax>627</ymax>
		</bndbox>
	</object>
</annotation>
