<annotation>
	<folder>processed_dataset_1</folder>
	<filename>08580D17-539D-4789-8A12-DFFA15F39712.png</filename>
	<path>C:\Users\Kesava\Documents\Genie\processed_dataset_1\08580D17-539D-4789-8A12-DFFA15F39712.png</path>
	<source>
		<database>Unknown</database>
	</source>
	<size>
		<width>720</width>
		<height>720</height>
		<depth>1</depth>
	</size>
	<segmented>0</segmented>
	<object>
		<name>search bar</name>
		<pose>Unspecified</pose>
		<truncated>0</truncated>
		<difficult>0</difficult>
		<bndbox>
			<xmin>137</xmin>
			<ymin>65</ymin>
			<xmax>592</xmax>
			<ymax>151</ymax>
		</bndbox>
	</object>
	<object>
		<name>heading1</name>
		<pose>Unspecified</pose>
		<truncated>0</truncated>
		<difficult>0</difficult>
		<bndbox>
			<xmin>147</xmin>
			<ymin>154</ymin>
			<xmax>562</xmax>
			<ymax>234</ymax>
		</bndbox>
	</object>
	<object>
		<name>button</name>
		<pose>Unspecified</pose>
		<truncated>0</truncated>
		<difficult>0</difficult>
		<bndbox>
			<xmin>144</xmin>
			<ymin>245</ymin>
			<xmax>555</xmax>
			<ymax>326</ymax>
		</bndbox>
	</object>
	<object>
		<name>paragraph</name>
		<pose>Unspecified</pose>
		<truncated>0</truncated>
		<difficult>0</difficult>
		<bndbox>
			<xmin>159</xmin>
			<ymin>329</ymin>
			<xmax>546</xmax>
			<ymax>472</ymax>
		</bndbox>
	</object>
	<object>
		<name>inline stepper bar</name>
		<pose>Unspecified</pose>
		<truncated>0</truncated>
		<difficult>0</difficult>
		<bndbox>
			<xmin>165</xmin>
			<ymin>486</ymin>
			<xmax>516</xmax>
			<ymax>565</ymax>
		</bndbox>
	</object>
</annotation>
