<annotation>
	<folder>processed_dataset_1</folder>
	<filename>0AB7DC4F-BEA9-42AF-8482-F1DAFF560C8D.png</filename>
	<path>C:\Users\Kesava\Documents\Genie\processed_dataset_1\0AB7DC4F-BEA9-42AF-8482-F1DAFF560C8D.png</path>
	<source>
		<database>Unknown</database>
	</source>
	<size>
		<width>720</width>
		<height>720</height>
		<depth>1</depth>
	</size>
	<segmented>0</segmented>
	<object>
		<name>inline stepper bar</name>
		<pose>Unspecified</pose>
		<truncated>0</truncated>
		<difficult>0</difficult>
		<bndbox>
			<xmin>169</xmin>
			<ymin>37</ymin>
			<xmax>598</xmax>
			<ymax>148</ymax>
		</bndbox>
	</object>
	<object>
		<name>search bar</name>
		<pose>Unspecified</pose>
		<truncated>0</truncated>
		<difficult>0</difficult>
		<bndbox>
			<xmin>130</xmin>
			<ymin>151</ymin>
			<xmax>536</xmax>
			<ymax>250</ymax>
		</bndbox>
	</object>
	<object>
		<name>heading1</name>
		<pose>Unspecified</pose>
		<truncated>0</truncated>
		<difficult>0</difficult>
		<bndbox>
			<xmin>151</xmin>
			<ymin>246</ymin>
			<xmax>547</xmax>
			<ymax>362</ymax>
		</bndbox>
	</object>
	<object>
		<name>heading3</name>
		<pose>Unspecified</pose>
		<truncated>0</truncated>
		<difficult>0</difficult>
		<bndbox>
			<xmin>81</xmin>
			<ymin>373</ymin>
			<xmax>538</xmax>
			<ymax>520</ymax>
		</bndbox>
	</object>
	<object>
		<name>heading2</name>
		<pose>Unspecified</pose>
		<truncated>0</truncated>
		<difficult>0</difficult>
		<bndbox>
			<xmin>58</xmin>
			<ymin>533</ymin>
			<xmax>512</xmax>
			<ymax>667</ymax>
		</bndbox>
	</object>
</annotation>
