<annotation>
	<folder>processed_dataset_1</folder>
	<filename>0B3F7A32-039D-4CFF-B2DE-00044EB4023D.png</filename>
	<path>C:\Users\Kesava\Documents\Genie\processed_dataset_1\0B3F7A32-039D-4CFF-B2DE-00044EB4023D.png</path>
	<source>
		<database>Unknown</database>
	</source>
	<size>
		<width>720</width>
		<height>720</height>
		<depth>1</depth>
	</size>
	<segmented>0</segmented>
	<object>
		<name>search bar</name>
		<pose>Unspecified</pose>
		<truncated>0</truncated>
		<difficult>0</difficult>
		<bndbox>
			<xmin>133</xmin>
			<ymin>94</ymin>
			<xmax>653</xmax>
			<ymax>169</ymax>
		</bndbox>
	</object>
	<object>
		<name>picture</name>
		<pose>Unspecified</pose>
		<truncated>0</truncated>
		<difficult>0</difficult>
		<bndbox>
			<xmin>118</xmin>
			<ymin>162</ymin>
			<xmax>701</xmax>
			<ymax>466</ymax>
		</bndbox>
	</object>
	<object>
		<name>heading2</name>
		<pose>Unspecified</pose>
		<truncated>0</truncated>
		<difficult>0</difficult>
		<bndbox>
			<xmin>108</xmin>
			<ymin>466</ymin>
			<xmax>662</xmax>
			<ymax>569</ymax>
		</bndbox>
	</object>
</annotation>
