<annotation>
	<folder>processed_dataset_1</folder>
	<filename>0BEF493A-DBBC-41ED-8C33-2D107382653F.png</filename>
	<path>C:\Users\Kesava\Documents\Genie\processed_dataset_1\0BEF493A-DBBC-41ED-8C33-2D107382653F.png</path>
	<source>
		<database>Unknown</database>
	</source>
	<size>
		<width>720</width>
		<height>720</height>
		<depth>1</depth>
	</size>
	<segmented>0</segmented>
	<object>
		<name>heading3</name>
		<pose>Unspecified</pose>
		<truncated>0</truncated>
		<difficult>0</difficult>
		<bndbox>
			<xmin>109</xmin>
			<ymin>91</ymin>
			<xmax>530</xmax>
			<ymax>235</ymax>
		</bndbox>
	</object>
	<object>
		<name>heading2</name>
		<pose>Unspecified</pose>
		<truncated>0</truncated>
		<difficult>0</difficult>
		<bndbox>
			<xmin>129</xmin>
			<ymin>226</ymin>
			<xmax>595</xmax>
			<ymax>379</ymax>
		</bndbox>
	</object>
	<object>
		<name>heading1</name>
		<pose>Unspecified</pose>
		<truncated>0</truncated>
		<difficult>0</difficult>
		<bndbox>
			<xmin>126</xmin>
			<ymin>377</ymin>
			<xmax>569</xmax>
			<ymax>543</ymax>
		</bndbox>
	</object>
</annotation>
