<annotation>
	<folder>processed_dataset_1</folder>
	<filename>12717CCB-36F7-4A84-98E2-94523B49B7F4.png</filename>
	<path>C:\Users\Kesava\Documents\Genie\processed_dataset_1\12717CCB-36F7-4A84-98E2-94523B49B7F4.png</path>
	<source>
		<database>Unknown</database>
	</source>
	<size>
		<width>720</width>
		<height>720</height>
		<depth>1</depth>
	</size>
	<segmented>0</segmented>
	<object>
		<name>picture</name>
		<pose>Unspecified</pose>
		<truncated>0</truncated>
		<difficult>0</difficult>
		<bndbox>
			<xmin>128</xmin>
			<ymin>152</ymin>
			<xmax>621</xmax>
			<ymax>291</ymax>
		</bndbox>
	</object>
	<object>
		<name>paragraph</name>
		<pose>Unspecified</pose>
		<truncated>0</truncated>
		<difficult>0</difficult>
		<bndbox>
			<xmin>134</xmin>
			<ymin>155</ymin>
			<xmax>608</xmax>
			<ymax>290</ymax>
		</bndbox>
	</object>
</annotation>
