<annotation>
	<folder>processed_dataset_1</folder>
	<filename>16ECC6FE-EFFB-4EFB-8C88-20DFD3CAC4D4.png</filename>
	<path>C:\Users\Kesava\Documents\Genie\processed_dataset_1\16ECC6FE-EFFB-4EFB-8C88-20DFD3CAC4D4.png</path>
	<source>
		<database>Unknown</database>
	</source>
	<size>
		<width>720</width>
		<height>720</height>
		<depth>1</depth>
	</size>
	<segmented>0</segmented>
	<object>
		<name>picture</name>
		<pose>Unspecified</pose>
		<truncated>0</truncated>
		<difficult>0</difficult>
		<bndbox>
			<xmin>226</xmin>
			<ymin>23</ymin>
			<xmax>500</xmax>
			<ymax>194</ymax>
		</bndbox>
	</object>
	<object>
		<name>search bar</name>
		<pose>Unspecified</pose>
		<truncated>0</truncated>
		<difficult>0</difficult>
		<bndbox>
			<xmin>221</xmin>
			<ymin>198</ymin>
			<xmax>452</xmax>
			<ymax>274</ymax>
		</bndbox>
	</object>
	<object>
		<name>button</name>
		<pose>Unspecified</pose>
		<truncated>0</truncated>
		<difficult>0</difficult>
		<bndbox>
			<xmin>218</xmin>
			<ymin>287</ymin>
			<xmax>477</xmax>
			<ymax>517</ymax>
		</bndbox>
	</object>
	<object>
		<name>picture</name>
		<pose>Unspecified</pose>
		<truncated>0</truncated>
		<difficult>0</difficult>
		<bndbox>
			<xmin>204</xmin>
			<ymin>523</ymin>
			<xmax>501</xmax>
			<ymax>706</ymax>
		</bndbox>
	</object>
</annotation>
