<annotation>
	<folder>processed_dataset_1</folder>
	<filename>1738AC39-03A4-4551-B2D3-0E9F2F82FFF2.png</filename>
	<path>C:\Users\Kesava\Documents\Genie\processed_dataset_1\1738AC39-03A4-4551-B2D3-0E9F2F82FFF2.png</path>
	<source>
		<database>Unknown</database>
	</source>
	<size>
		<width>720</width>
		<height>720</height>
		<depth>1</depth>
	</size>
	<segmented>0</segmented>
	<object>
		<name>picture</name>
		<pose>Unspecified</pose>
		<truncated>0</truncated>
		<difficult>0</difficult>
		<bndbox>
			<xmin>144</xmin>
			<ymin>2</ymin>
			<xmax>530</xmax>
			<ymax>185</ymax>
		</bndbox>
	</object>
	<object>
		<name>button</name>
		<pose>Unspecified</pose>
		<truncated>0</truncated>
		<difficult>0</difficult>
		<bndbox>
			<xmin>144</xmin>
			<ymin>185</ymin>
			<xmax>492</xmax>
			<ymax>370</ymax>
		</bndbox>
	</object>
	<object>
		<name>button</name>
		<pose>Unspecified</pose>
		<truncated>0</truncated>
		<difficult>0</difficult>
		<bndbox>
			<xmin>176</xmin>
			<ymin>358</ymin>
			<xmax>478</xmax>
			<ymax>547</ymax>
		</bndbox>
	</object>
	<object>
		<name>picture</name>
		<pose>Unspecified</pose>
		<truncated>0</truncated>
		<difficult>0</difficult>
		<bndbox>
			<xmin>166</xmin>
			<ymin>548</ymin>
			<xmax>498</xmax>
			<ymax>708</ymax>
		</bndbox>
	</object>
</annotation>
