<annotation>
	<folder>processed_dataset_1</folder>
	<filename>1E4C9547-1928-491C-B8B2-CE79CEC05243.png</filename>
	<path>C:\Users\Kesava\Documents\Genie\processed_dataset_1\1E4C9547-1928-491C-B8B2-CE79CEC05243.png</path>
	<source>
		<database>Unknown</database>
	</source>
	<size>
		<width>720</width>
		<height>720</height>
		<depth>1</depth>
	</size>
	<segmented>0</segmented>
	<object>
		<name>search bar</name>
		<pose>Unspecified</pose>
		<truncated>0</truncated>
		<difficult>0</difficult>
		<bndbox>
			<xmin>134</xmin>
			<ymin>76</ymin>
			<xmax>624</xmax>
			<ymax>149</ymax>
		</bndbox>
	</object>
	<object>
		<name>picture</name>
		<pose>Unspecified</pose>
		<truncated>0</truncated>
		<difficult>0</difficult>
		<bndbox>
			<xmin>112</xmin>
			<ymin>157</ymin>
			<xmax>622</xmax>
			<ymax>474</ymax>
		</bndbox>
	</object>
	<object>
		<name>paragraph</name>
		<pose>Unspecified</pose>
		<truncated>0</truncated>
		<difficult>0</difficult>
		<bndbox>
			<xmin>141</xmin>
			<ymin>483</ymin>
			<xmax>598</xmax>
			<ymax>570</ymax>
		</bndbox>
	</object>
</annotation>
