<annotation>
	<folder>processed_dataset_1</folder>
	<filename>1E6A82B2-D43B-41A2-A57D-5273B49D4AC1.png</filename>
	<path>C:\Users\Kesava\Documents\Genie\processed_dataset_1\1E6A82B2-D43B-41A2-A57D-5273B49D4AC1.png</path>
	<source>
		<database>Unknown</database>
	</source>
	<size>
		<width>720</width>
		<height>720</height>
		<depth>1</depth>
	</size>
	<segmented>0</segmented>
	<object>
		<name>button</name>
		<pose>Unspecified</pose>
		<truncated>0</truncated>
		<difficult>0</difficult>
		<bndbox>
			<xmin>124</xmin>
			<ymin>67</ymin>
			<xmax>601</xmax>
			<ymax>232</ymax>
		</bndbox>
	</object>
	<object>
		<name>picture</name>
		<pose>Unspecified</pose>
		<truncated>0</truncated>
		<difficult>0</difficult>
		<bndbox>
			<xmin>170</xmin>
			<ymin>240</ymin>
			<xmax>526</xmax>
			<ymax>346</ymax>
		</bndbox>
	</object>
	<object>
		<name>button</name>
		<pose>Unspecified</pose>
		<truncated>0</truncated>
		<difficult>0</difficult>
		<bndbox>
			<xmin>181</xmin>
			<ymin>365</ymin>
			<xmax>530</xmax>
			<ymax>527</ymax>
		</bndbox>
	</object>
	<object>
		<name>picture</name>
		<pose>Unspecified</pose>
		<truncated>0</truncated>
		<difficult>0</difficult>
		<bndbox>
			<xmin>198</xmin>
			<ymin>527</ymin>
			<xmax>513</xmax>
			<ymax>695</ymax>
		</bndbox>
	</object>
</annotation>
