<annotation>
	<folder>processed_dataset_1</folder>
	<filename>20180506_221138.png</filename>
	<path>C:\Users\Kesava\Documents\Genie\processed_dataset_1\20180506_221138.png</path>
	<source>
		<database>Unknown</database>
	</source>
	<size>
		<width>720</width>
		<height>720</height>
		<depth>1</depth>
	</size>
	<segmented>0</segmented>
	<object>
		<name>heading2</name>
		<pose>Unspecified</pose>
		<truncated>0</truncated>
		<difficult>0</difficult>
		<bndbox>
			<xmin>132</xmin>
			<ymin>19</ymin>
			<xmax>631</xmax>
			<ymax>156</ymax>
		</bndbox>
	</object>
	<object>
		<name>paragraph</name>
		<pose>Unspecified</pose>
		<truncated>0</truncated>
		<difficult>0</difficult>
		<bndbox>
			<xmin>118</xmin>
			<ymin>171</ymin>
			<xmax>631</xmax>
			<ymax>334</ymax>
		</bndbox>
	</object>
	<object>
		<name>search bar</name>
		<pose>Unspecified</pose>
		<truncated>0</truncated>
		<difficult>0</difficult>
		<bndbox>
			<xmin>116</xmin>
			<ymin>345</ymin>
			<xmax>656</xmax>
			<ymax>501</ymax>
		</bndbox>
	</object>
	<object>
		<name>search bar</name>
		<pose>Unspecified</pose>
		<truncated>0</truncated>
		<difficult>0</difficult>
		<bndbox>
			<xmin>105</xmin>
			<ymin>507</ymin>
			<xmax>670</xmax>
			<ymax>701</ymax>
		</bndbox>
	</object>
</annotation>
