<annotation>
	<folder>processed_dataset_1</folder>
	<filename>20180506_204027.png</filename>
	<path>C:\Users\Kesava\Documents\Genie\processed_dataset_1\20180506_204027.png</path>
	<source>
		<database>Unknown</database>
	</source>
	<size>
		<width>720</width>
		<height>720</height>
		<depth>1</depth>
	</size>
	<segmented>0</segmented>
	<object>
		<name>inline stepper bar</name>
		<pose>Unspecified</pose>
		<truncated>0</truncated>
		<difficult>0</difficult>
		<bndbox>
			<xmin>180</xmin>
			<ymin>40</ymin>
			<xmax>566</xmax>
			<ymax>165</ymax>
		</bndbox>
	</object>
	<object>
		<name>picture</name>
		<pose>Unspecified</pose>
		<truncated>0</truncated>
		<difficult>0</difficult>
		<bndbox>
			<xmin>202</xmin>
			<ymin>176</ymin>
			<xmax>583</xmax>
			<ymax>344</ymax>
		</bndbox>
	</object>
	<object>
		<name>paragraph</name>
		<pose>Unspecified</pose>
		<truncated>0</truncated>
		<difficult>0</difficult>
		<bndbox>
			<xmin>194</xmin>
			<ymin>359</ymin>
			<xmax>597</xmax>
			<ymax>509</ymax>
		</bndbox>
	</object>
	<object>
		<name>search bar</name>
		<pose>Unspecified</pose>
		<truncated>0</truncated>
		<difficult>0</difficult>
		<bndbox>
			<xmin>176</xmin>
			<ymin>532</ymin>
			<xmax>535</xmax>
			<ymax>663</ymax>
		</bndbox>
	</object>
</annotation>
