<annotation>
	<folder>processed_dataset_1</folder>
	<filename>20180506_204058.png</filename>
	<path>C:\Users\Kesava\Documents\Genie\processed_dataset_1\20180506_204058.png</path>
	<source>
		<database>Unknown</database>
	</source>
	<size>
		<width>720</width>
		<height>720</height>
		<depth>1</depth>
	</size>
	<segmented>0</segmented>
	<object>
		<name>heading1</name>
		<pose>Unspecified</pose>
		<truncated>0</truncated>
		<difficult>0</difficult>
		<bndbox>
			<xmin>158</xmin>
			<ymin>58</ymin>
			<xmax>484</xmax>
			<ymax>226</ymax>
		</bndbox>
	</object>
	<object>
		<name>heading2</name>
		<pose>Unspecified</pose>
		<truncated>0</truncated>
		<difficult>0</difficult>
		<bndbox>
			<xmin>168</xmin>
			<ymin>241</ymin>
			<xmax>448</xmax>
			<ymax>387</ymax>
		</bndbox>
	</object>
	<object>
		<name>picture</name>
		<pose>Unspecified</pose>
		<truncated>0</truncated>
		<difficult>0</difficult>
		<bndbox>
			<xmin>163</xmin>
			<ymin>393</ymin>
			<xmax>514</xmax>
			<ymax>623</ymax>
		</bndbox>
	</object>
</annotation>
