<annotation>
	<folder>processed_dataset_1</folder>
	<filename>20180506_211428.png</filename>
	<path>C:\Users\Kesava\Documents\Genie\processed_dataset_1\20180506_211428.png</path>
	<source>
		<database>Unknown</database>
	</source>
	<size>
		<width>720</width>
		<height>720</height>
		<depth>1</depth>
	</size>
	<segmented>0</segmented>
	<object>
		<name>paragraph</name>
		<pose>Unspecified</pose>
		<truncated>0</truncated>
		<difficult>0</difficult>
		<bndbox>
			<xmin>31</xmin>
			<ymin>49</ymin>
			<xmax>416</xmax>
			<ymax>229</ymax>
		</bndbox>
	</object>
	<object>
		<name>heading3</name>
		<pose>Unspecified</pose>
		<truncated>0</truncated>
		<difficult>0</difficult>
		<bndbox>
			<xmin>71</xmin>
			<ymin>248</ymin>
			<xmax>418</xmax>
			<ymax>369</ymax>
		</bndbox>
	</object>
	<object>
		<name>button</name>
		<pose>Unspecified</pose>
		<truncated>0</truncated>
		<difficult>0</difficult>
		<bndbox>
			<xmin>91</xmin>
			<ymin>372</ymin>
			<xmax>421</xmax>
			<ymax>472</ymax>
		</bndbox>
	</object>
	<object>
		<name>picture</name>
		<pose>Unspecified</pose>
		<truncated>1</truncated>
		<difficult>0</difficult>
		<bndbox>
			<xmin>73</xmin>
			<ymin>483</ymin>
			<xmax>417</xmax>
			<ymax>720</ymax>
		</bndbox>
	</object>
</annotation>
