<annotation>
	<folder>processed_dataset_1</folder>
	<filename>20180506_220958.png</filename>
	<path>C:\Users\Kesava\Documents\Genie\processed_dataset_1\20180506_220958.png</path>
	<source>
		<database>Unknown</database>
	</source>
	<size>
		<width>720</width>
		<height>720</height>
		<depth>1</depth>
	</size>
	<segmented>0</segmented>
	<object>
		<name>picture</name>
		<pose>Unspecified</pose>
		<truncated>0</truncated>
		<difficult>0</difficult>
		<bndbox>
			<xmin>197</xmin>
			<ymin>26</ymin>
			<xmax>588</xmax>
			<ymax>224</ymax>
		</bndbox>
	</object>
	<object>
		<name>paragraph</name>
		<pose>Unspecified</pose>
		<truncated>0</truncated>
		<difficult>0</difficult>
		<bndbox>
			<xmin>201</xmin>
			<ymin>238</ymin>
			<xmax>657</xmax>
			<ymax>368</ymax>
		</bndbox>
	</object>
	<object>
		<name>inline stepper bar</name>
		<pose>Unspecified</pose>
		<truncated>0</truncated>
		<difficult>0</difficult>
		<bndbox>
			<xmin>202</xmin>
			<ymin>374</ymin>
			<xmax>640</xmax>
			<ymax>494</ymax>
		</bndbox>
	</object>
	<object>
		<name>picture</name>
		<pose>Unspecified</pose>
		<truncated>1</truncated>
		<difficult>0</difficult>
		<bndbox>
			<xmin>238</xmin>
			<ymin>489</ymin>
			<xmax>613</xmax>
			<ymax>720</ymax>
		</bndbox>
	</object>
</annotation>
