<annotation>
	<folder>processed_dataset_1</folder>
	<filename>20180506_220736.png</filename>
	<path>C:\Users\Kesava\Documents\Genie\processed_dataset_1\20180506_220736.png</path>
	<source>
		<database>Unknown</database>
	</source>
	<size>
		<width>720</width>
		<height>720</height>
		<depth>1</depth>
	</size>
	<segmented>0</segmented>
	<object>
		<name>button</name>
		<pose>Unspecified</pose>
		<truncated>0</truncated>
		<difficult>0</difficult>
		<bndbox>
			<xmin>148</xmin>
			<ymin>11</ymin>
			<xmax>538</xmax>
			<ymax>193</ymax>
		</bndbox>
	</object>
	<object>
		<name>heading1</name>
		<pose>Unspecified</pose>
		<truncated>0</truncated>
		<difficult>0</difficult>
		<bndbox>
			<xmin>173</xmin>
			<ymin>200</ymin>
			<xmax>630</xmax>
			<ymax>341</ymax>
		</bndbox>
	</object>
	<object>
		<name>paragraph</name>
		<pose>Unspecified</pose>
		<truncated>0</truncated>
		<difficult>0</difficult>
		<bndbox>
			<xmin>151</xmin>
			<ymin>349</ymin>
			<xmax>693</xmax>
			<ymax>487</ymax>
		</bndbox>
	</object>
	<object>
		<name>search bar</name>
		<pose>Unspecified</pose>
		<truncated>0</truncated>
		<difficult>0</difficult>
		<bndbox>
			<xmin>173</xmin>
			<ymin>475</ymin>
			<xmax>687</xmax>
			<ymax>685</ymax>
		</bndbox>
	</object>
</annotation>
