<annotation>
	<folder>processed_dataset_1</folder>
	<filename>20180506_211504.png</filename>
	<path>C:\Users\Kesava\Documents\Genie\processed_dataset_1\20180506_211504.png</path>
	<source>
		<database>Unknown</database>
	</source>
	<size>
		<width>720</width>
		<height>720</height>
		<depth>1</depth>
	</size>
	<segmented>0</segmented>
	<object>
		<name>inline stepper bar</name>
		<pose>Unspecified</pose>
		<truncated>0</truncated>
		<difficult>0</difficult>
		<bndbox>
			<xmin>219</xmin>
			<ymin>23</ymin>
			<xmax>583</xmax>
			<ymax>215</ymax>
		</bndbox>
	</object>
	<object>
		<name>inline stepper bar</name>
		<pose>Unspecified</pose>
		<truncated>0</truncated>
		<difficult>0</difficult>
		<bndbox>
			<xmin>227</xmin>
			<ymin>229</ymin>
			<xmax>587</xmax>
			<ymax>385</ymax>
		</bndbox>
	</object>
	<object>
		<name>button</name>
		<pose>Unspecified</pose>
		<truncated>0</truncated>
		<difficult>0</difficult>
		<bndbox>
			<xmin>216</xmin>
			<ymin>405</ymin>
			<xmax>591</xmax>
			<ymax>533</ymax>
		</bndbox>
	</object>
	<object>
		<name>picture</name>
		<pose>Unspecified</pose>
		<truncated>0</truncated>
		<difficult>0</difficult>
		<bndbox>
			<xmin>236</xmin>
			<ymin>558</ymin>
			<xmax>578</xmax>
			<ymax>718</ymax>
		</bndbox>
	</object>
</annotation>
