<annotation>
	<folder>processed_dataset_1</folder>
	<filename>20180506_204250.png</filename>
	<path>C:\Users\Kesava\Documents\Genie\processed_dataset_1\20180506_204250.png</path>
	<source>
		<database>Unknown</database>
	</source>
	<size>
		<width>720</width>
		<height>720</height>
		<depth>1</depth>
	</size>
	<segmented>0</segmented>
	<object>
		<name>button</name>
		<pose>Unspecified</pose>
		<truncated>0</truncated>
		<difficult>0</difficult>
		<bndbox>
			<xmin>126</xmin>
			<ymin>44</ymin>
			<xmax>489</xmax>
			<ymax>212</ymax>
		</bndbox>
	</object>
	<object>
		<name>paragraph</name>
		<pose>Unspecified</pose>
		<truncated>0</truncated>
		<difficult>0</difficult>
		<bndbox>
			<xmin>152</xmin>
			<ymin>212</ymin>
			<xmax>523</xmax>
			<ymax>386</ymax>
		</bndbox>
	</object>
	<object>
		<name>search bar</name>
		<pose>Unspecified</pose>
		<truncated>0</truncated>
		<difficult>0</difficult>
		<bndbox>
			<xmin>147</xmin>
			<ymin>395</ymin>
			<xmax>551</xmax>
			<ymax>611</ymax>
		</bndbox>
	</object>
	<object>
		<name>heading1</name>
		<pose>Unspecified</pose>
		<truncated>0</truncated>
		<difficult>0</difficult>
		<bndbox>
			<xmin>143</xmin>
			<ymin>605</ymin>
			<xmax>551</xmax>
			<ymax>690</ymax>
		</bndbox>
	</object>
</annotation>
