<annotation>
	<folder>processed_dataset_1</folder>
	<filename>20180506_220923.png</filename>
	<path>C:\Users\Kesava\Documents\Genie\processed_dataset_1\20180506_220923.png</path>
	<source>
		<database>Unknown</database>
	</source>
	<size>
		<width>720</width>
		<height>720</height>
		<depth>1</depth>
	</size>
	<segmented>0</segmented>
	<object>
		<name>heading3</name>
		<pose>Unspecified</pose>
		<truncated>0</truncated>
		<difficult>0</difficult>
		<bndbox>
			<xmin>33</xmin>
			<ymin>4</ymin>
			<xmax>647</xmax>
			<ymax>173</ymax>
		</bndbox>
	</object>
	<object>
		<name>search bar</name>
		<pose>Unspecified</pose>
		<truncated>0</truncated>
		<difficult>0</difficult>
		<bndbox>
			<xmin>39</xmin>
			<ymin>181</ymin>
			<xmax>673</xmax>
			<ymax>397</ymax>
		</bndbox>
	</object>
	<object>
		<name>picture</name>
		<pose>Unspecified</pose>
		<truncated>0</truncated>
		<difficult>0</difficult>
		<bndbox>
			<xmin>32</xmin>
			<ymin>412</ymin>
			<xmax>646</xmax>
			<ymax>717</ymax>
		</bndbox>
	</object>
</annotation>
