<annotation>
	<folder>processed_dataset_1</folder>
	<filename>20180506_204816.png</filename>
	<path>C:\Users\Kesava\Documents\Genie\processed_dataset_1\20180506_204816.png</path>
	<source>
		<database>Unknown</database>
	</source>
	<size>
		<width>720</width>
		<height>720</height>
		<depth>1</depth>
	</size>
	<segmented>0</segmented>
	<object>
		<name>button</name>
		<pose>Unspecified</pose>
		<truncated>0</truncated>
		<difficult>0</difficult>
		<bndbox>
			<xmin>178</xmin>
			<ymin>42</ymin>
			<xmax>554</xmax>
			<ymax>147</ymax>
		</bndbox>
	</object>
	<object>
		<name>paragraph</name>
		<pose>Unspecified</pose>
		<truncated>0</truncated>
		<difficult>0</difficult>
		<bndbox>
			<xmin>169</xmin>
			<ymin>165</ymin>
			<xmax>578</xmax>
			<ymax>277</ymax>
		</bndbox>
	</object>
	<object>
		<name>search bar</name>
		<pose>Unspecified</pose>
		<truncated>0</truncated>
		<difficult>0</difficult>
		<bndbox>
			<xmin>164</xmin>
			<ymin>289</ymin>
			<xmax>558</xmax>
			<ymax>401</ymax>
		</bndbox>
	</object>
	<object>
		<name>picture</name>
		<pose>Unspecified</pose>
		<truncated>0</truncated>
		<difficult>0</difficult>
		<bndbox>
			<xmin>169</xmin>
			<ymin>424</ymin>
			<xmax>548</xmax>
			<ymax>553</ymax>
		</bndbox>
	</object>
	<object>
		<name>heading1</name>
		<pose>Unspecified</pose>
		<truncated>0</truncated>
		<difficult>0</difficult>
		<bndbox>
			<xmin>169</xmin>
			<ymin>574</ymin>
			<xmax>564</xmax>
			<ymax>692</ymax>
		</bndbox>
	</object>
</annotation>
