<annotation>
	<folder>processed_dataset_1</folder>
	<filename>20180506_220925.png</filename>
	<path>C:\Users\Kesava\Documents\Genie\processed_dataset_1\20180506_220925.png</path>
	<source>
		<database>Unknown</database>
	</source>
	<size>
		<width>720</width>
		<height>720</height>
		<depth>1</depth>
	</size>
	<segmented>0</segmented>
	<object>
		<name>heading3</name>
		<pose>Unspecified</pose>
		<truncated>0</truncated>
		<difficult>0</difficult>
		<bndbox>
			<xmin>60</xmin>
			<ymin>33</ymin>
			<xmax>558</xmax>
			<ymax>170</ymax>
		</bndbox>
	</object>
	<object>
		<name>search bar</name>
		<pose>Unspecified</pose>
		<truncated>0</truncated>
		<difficult>0</difficult>
		<bndbox>
			<xmin>65</xmin>
			<ymin>173</ymin>
			<xmax>580</xmax>
			<ymax>354</ymax>
		</bndbox>
	</object>
	<object>
		<name>picture</name>
		<pose>Unspecified</pose>
		<truncated>0</truncated>
		<difficult>0</difficult>
		<bndbox>
			<xmin>64</xmin>
			<ymin>367</ymin>
			<xmax>543</xmax>
			<ymax>638</ymax>
		</bndbox>
	</object>
</annotation>
