<annotation>
	<folder>processed_dataset_1</folder>
	<filename>20180506_210105.png</filename>
	<path>C:\Users\Kesava\Documents\Genie\processed_dataset_1\20180506_210105.png</path>
	<source>
		<database>Unknown</database>
	</source>
	<size>
		<width>720</width>
		<height>720</height>
		<depth>1</depth>
	</size>
	<segmented>0</segmented>
	<object>
		<name>heading1</name>
		<pose>Unspecified</pose>
		<truncated>0</truncated>
		<difficult>0</difficult>
		<bndbox>
			<xmin>194</xmin>
			<ymin>12</ymin>
			<xmax>573</xmax>
			<ymax>111</ymax>
		</bndbox>
	</object>
	<object>
		<name>heading2</name>
		<pose>Unspecified</pose>
		<truncated>0</truncated>
		<difficult>0</difficult>
		<bndbox>
			<xmin>209</xmin>
			<ymin>125</ymin>
			<xmax>567</xmax>
			<ymax>225</ymax>
		</bndbox>
	</object>
	<object>
		<name>heading3</name>
		<pose>Unspecified</pose>
		<truncated>0</truncated>
		<difficult>0</difficult>
		<bndbox>
			<xmin>199</xmin>
			<ymin>233</ymin>
			<xmax>575</xmax>
			<ymax>341</ymax>
		</bndbox>
	</object>
	<object>
		<name>paragraph</name>
		<pose>Unspecified</pose>
		<truncated>0</truncated>
		<difficult>0</difficult>
		<bndbox>
			<xmin>191</xmin>
			<ymin>351</ymin>
			<xmax>570</xmax>
			<ymax>448</ymax>
		</bndbox>
	</object>
	<object>
		<name>button</name>
		<pose>Unspecified</pose>
		<truncated>0</truncated>
		<difficult>0</difficult>
		<bndbox>
			<xmin>189</xmin>
			<ymin>461</ymin>
			<xmax>557</xmax>
			<ymax>569</ymax>
		</bndbox>
	</object>
	<object>
		<name>picture</name>
		<pose>Unspecified</pose>
		<truncated>0</truncated>
		<difficult>0</difficult>
		<bndbox>
			<xmin>185</xmin>
			<ymin>585</ymin>
			<xmax>551</xmax>
			<ymax>693</ymax>
		</bndbox>
	</object>
</annotation>
