<annotation>
	<folder>processed_dataset_1</folder>
	<filename>20180506_221319.png</filename>
	<path>C:\Users\Kesava\Documents\Genie\processed_dataset_1\20180506_221319.png</path>
	<source>
		<database>Unknown</database>
	</source>
	<size>
		<width>720</width>
		<height>720</height>
		<depth>1</depth>
	</size>
	<segmented>0</segmented>
	<object>
		<name>heading2</name>
		<pose>Unspecified</pose>
		<truncated>0</truncated>
		<difficult>0</difficult>
		<bndbox>
			<xmin>73</xmin>
			<ymin>25</ymin>
			<xmax>509</xmax>
			<ymax>159</ymax>
		</bndbox>
	</object>
	<object>
		<name>heading3</name>
		<pose>Unspecified</pose>
		<truncated>0</truncated>
		<difficult>0</difficult>
		<bndbox>
			<xmin>69</xmin>
			<ymin>173</ymin>
			<xmax>526</xmax>
			<ymax>341</ymax>
		</bndbox>
	</object>
	<object>
		<name>picture</name>
		<pose>Unspecified</pose>
		<truncated>0</truncated>
		<difficult>0</difficult>
		<bndbox>
			<xmin>82</xmin>
			<ymin>342</ymin>
			<xmax>498</xmax>
			<ymax>559</ymax>
		</bndbox>
	</object>
	<object>
		<name>paragraph</name>
		<pose>Unspecified</pose>
		<truncated>1</truncated>
		<difficult>0</difficult>
		<bndbox>
			<xmin>98</xmin>
			<ymin>564</ymin>
			<xmax>497</xmax>
			<ymax>720</ymax>
		</bndbox>
	</object>
</annotation>
