<annotation>
	<folder>processed_dataset_1</folder>
	<filename>20180506_221452.png</filename>
	<path>C:\Users\Kesava\Documents\Genie\processed_dataset_1\20180506_221452.png</path>
	<source>
		<database>Unknown</database>
	</source>
	<size>
		<width>720</width>
		<height>720</height>
		<depth>1</depth>
	</size>
	<segmented>0</segmented>
	<object>
		<name>heading1</name>
		<pose>Unspecified</pose>
		<truncated>0</truncated>
		<difficult>0</difficult>
		<bndbox>
			<xmin>58</xmin>
			<ymin>20</ymin>
			<xmax>526</xmax>
			<ymax>146</ymax>
		</bndbox>
	</object>
	<object>
		<name>heading2</name>
		<pose>Unspecified</pose>
		<truncated>0</truncated>
		<difficult>0</difficult>
		<bndbox>
			<xmin>59</xmin>
			<ymin>161</ymin>
			<xmax>509</xmax>
			<ymax>269</ymax>
		</bndbox>
	</object>
	<object>
		<name>heading3</name>
		<pose>Unspecified</pose>
		<truncated>0</truncated>
		<difficult>0</difficult>
		<bndbox>
			<xmin>65</xmin>
			<ymin>270</ymin>
			<xmax>557</xmax>
			<ymax>416</ymax>
		</bndbox>
	</object>
	<object>
		<name>picture</name>
		<pose>Unspecified</pose>
		<truncated>0</truncated>
		<difficult>0</difficult>
		<bndbox>
			<xmin>68</xmin>
			<ymin>429</ymin>
			<xmax>552</xmax>
			<ymax>717</ymax>
		</bndbox>
	</object>
</annotation>
