<annotation>
	<folder>processed_dataset_1</folder>
	<filename>20180506_221715.png</filename>
	<path>C:\Users\Kesava\Documents\Genie\processed_dataset_1\20180506_221715.png</path>
	<source>
		<database>Unknown</database>
	</source>
	<size>
		<width>720</width>
		<height>720</height>
		<depth>1</depth>
	</size>
	<segmented>0</segmented>
	<object>
		<name>heading1</name>
		<pose>Unspecified</pose>
		<truncated>0</truncated>
		<difficult>0</difficult>
		<bndbox>
			<xmin>129</xmin>
			<ymin>13</ymin>
			<xmax>576</xmax>
			<ymax>179</ymax>
		</bndbox>
	</object>
	<object>
		<name>picture</name>
		<pose>Unspecified</pose>
		<truncated>0</truncated>
		<difficult>0</difficult>
		<bndbox>
			<xmin>157</xmin>
			<ymin>179</ymin>
			<xmax>575</xmax>
			<ymax>429</ymax>
		</bndbox>
	</object>
	<object>
		<name>button</name>
		<pose>Unspecified</pose>
		<truncated>0</truncated>
		<difficult>0</difficult>
		<bndbox>
			<xmin>190</xmin>
			<ymin>443</ymin>
			<xmax>579</xmax>
			<ymax>590</ymax>
		</bndbox>
	</object>
	<object>
		<name>button</name>
		<pose>Unspecified</pose>
		<truncated>0</truncated>
		<difficult>0</difficult>
		<bndbox>
			<xmin>239</xmin>
			<ymin>598</ymin>
			<xmax>581</xmax>
			<ymax>711</ymax>
		</bndbox>
	</object>
</annotation>
