<annotation>
	<folder>processed_dataset_1</folder>
	<filename>20180506_211836.png</filename>
	<path>C:\Users\Kesava\Documents\Genie\processed_dataset_1\20180506_211836.png</path>
	<source>
		<database>Unknown</database>
	</source>
	<size>
		<width>720</width>
		<height>720</height>
		<depth>1</depth>
	</size>
	<segmented>0</segmented>
	<object>
		<name>picture</name>
		<pose>Unspecified</pose>
		<truncated>0</truncated>
		<difficult>0</difficult>
		<bndbox>
			<xmin>194</xmin>
			<ymin>51</ymin>
			<xmax>558</xmax>
			<ymax>258</ymax>
		</bndbox>
	</object>
	<object>
		<name>heading3</name>
		<pose>Unspecified</pose>
		<truncated>0</truncated>
		<difficult>0</difficult>
		<bndbox>
			<xmin>194</xmin>
			<ymin>291</ymin>
			<xmax>589</xmax>
			<ymax>413</ymax>
		</bndbox>
	</object>
	<object>
		<name>heading2</name>
		<pose>Unspecified</pose>
		<truncated>0</truncated>
		<difficult>0</difficult>
		<bndbox>
			<xmin>190</xmin>
			<ymin>422</ymin>
			<xmax>600</xmax>
			<ymax>545</ymax>
		</bndbox>
	</object>
	<object>
		<name>paragraph</name>
		<pose>Unspecified</pose>
		<truncated>0</truncated>
		<difficult>0</difficult>
		<bndbox>
			<xmin>204</xmin>
			<ymin>541</ymin>
			<xmax>622</xmax>
			<ymax>717</ymax>
		</bndbox>
	</object>
</annotation>
