<annotation>
	<folder>processed_dataset_1</folder>
	<filename>20180506_220920.png</filename>
	<path>C:\Users\Kesava\Documents\Genie\processed_dataset_1\20180506_220920.png</path>
	<source>
		<database>Unknown</database>
	</source>
	<size>
		<width>720</width>
		<height>720</height>
		<depth>1</depth>
	</size>
	<segmented>0</segmented>
	<object>
		<name>button</name>
		<pose>Unspecified</pose>
		<truncated>0</truncated>
		<difficult>0</difficult>
		<bndbox>
			<xmin>97</xmin>
			<ymin>29</ymin>
			<xmax>587</xmax>
			<ymax>197</ymax>
		</bndbox>
	</object>
	<object>
		<name>button</name>
		<pose>Unspecified</pose>
		<truncated>0</truncated>
		<difficult>0</difficult>
		<bndbox>
			<xmin>137</xmin>
			<ymin>207</ymin>
			<xmax>598</xmax>
			<ymax>333</ymax>
		</bndbox>
	</object>
	<object>
		<name>heading1</name>
		<pose>Unspecified</pose>
		<truncated>0</truncated>
		<difficult>0</difficult>
		<bndbox>
			<xmin>123</xmin>
			<ymin>349</ymin>
			<xmax>610</xmax>
			<ymax>515</ymax>
		</bndbox>
	</object>
	<object>
		<name>heading1</name>
		<pose>Unspecified</pose>
		<truncated>0</truncated>
		<difficult>0</difficult>
		<bndbox>
			<xmin>117</xmin>
			<ymin>514</ymin>
			<xmax>628</xmax>
			<ymax>691</ymax>
		</bndbox>
	</object>
</annotation>
