<annotation>
	<folder>processed_dataset_1</folder>
	<filename>20180506_204500.png</filename>
	<path>C:\Users\Kesava\Documents\Genie\processed_dataset_1\20180506_204500.png</path>
	<source>
		<database>Unknown</database>
	</source>
	<size>
		<width>720</width>
		<height>720</height>
		<depth>1</depth>
	</size>
	<segmented>0</segmented>
	<object>
		<name>inline stepper bar</name>
		<pose>Unspecified</pose>
		<truncated>0</truncated>
		<difficult>0</difficult>
		<bndbox>
			<xmin>165</xmin>
			<ymin>16</ymin>
			<xmax>578</xmax>
			<ymax>149</ymax>
		</bndbox>
	</object>
	<object>
		<name>button</name>
		<pose>Unspecified</pose>
		<truncated>0</truncated>
		<difficult>0</difficult>
		<bndbox>
			<xmin>193</xmin>
			<ymin>160</ymin>
			<xmax>591</xmax>
			<ymax>287</ymax>
		</bndbox>
	</object>
	<object>
		<name>picture</name>
		<pose>Unspecified</pose>
		<truncated>0</truncated>
		<difficult>0</difficult>
		<bndbox>
			<xmin>177</xmin>
			<ymin>296</ymin>
			<xmax>579</xmax>
			<ymax>496</ymax>
		</bndbox>
	</object>
	<object>
		<name>paragraph</name>
		<pose>Unspecified</pose>
		<truncated>0</truncated>
		<difficult>0</difficult>
		<bndbox>
			<xmin>184</xmin>
			<ymin>503</ymin>
			<xmax>556</xmax>
			<ymax>628</ymax>
		</bndbox>
	</object>
</annotation>
