<annotation>
	<folder>processed_dataset_1</folder>
	<filename>20180506_204402.png</filename>
	<path>C:\Users\Kesava\Documents\Genie\processed_dataset_1\20180506_204402.png</path>
	<source>
		<database>Unknown</database>
	</source>
	<size>
		<width>720</width>
		<height>720</height>
		<depth>1</depth>
	</size>
	<segmented>0</segmented>
	<object>
		<name>button</name>
		<pose>Unspecified</pose>
		<truncated>0</truncated>
		<difficult>0</difficult>
		<bndbox>
			<xmin>151</xmin>
			<ymin>52</ymin>
			<xmax>509</xmax>
			<ymax>187</ymax>
		</bndbox>
	</object>
	<object>
		<name>inline stepper bar</name>
		<pose>Unspecified</pose>
		<truncated>0</truncated>
		<difficult>0</difficult>
		<bndbox>
			<xmin>158</xmin>
			<ymin>191</ymin>
			<xmax>528</xmax>
			<ymax>344</ymax>
		</bndbox>
	</object>
	<object>
		<name>picture</name>
		<pose>Unspecified</pose>
		<truncated>0</truncated>
		<difficult>0</difficult>
		<bndbox>
			<xmin>170</xmin>
			<ymin>354</ymin>
			<xmax>582</xmax>
			<ymax>521</ymax>
		</bndbox>
	</object>
	<object>
		<name>heading1</name>
		<pose>Unspecified</pose>
		<truncated>0</truncated>
		<difficult>0</difficult>
		<bndbox>
			<xmin>166</xmin>
			<ymin>526</ymin>
			<xmax>545</xmax>
			<ymax>672</ymax>
		</bndbox>
	</object>
</annotation>
