<annotation>
	<folder>processed_dataset_1</folder>
	<filename>20180506_204223.png</filename>
	<path>C:\Users\Kesava\Documents\Genie\processed_dataset_1\20180506_204223.png</path>
	<source>
		<database>Unknown</database>
	</source>
	<size>
		<width>720</width>
		<height>720</height>
		<depth>1</depth>
	</size>
	<segmented>0</segmented>
	<object>
		<name>paragraph</name>
		<pose>Unspecified</pose>
		<truncated>0</truncated>
		<difficult>0</difficult>
		<bndbox>
			<xmin>144</xmin>
			<ymin>22</ymin>
			<xmax>600</xmax>
			<ymax>158</ymax>
		</bndbox>
	</object>
	<object>
		<name>picture</name>
		<pose>Unspecified</pose>
		<truncated>0</truncated>
		<difficult>0</difficult>
		<bndbox>
			<xmin>160</xmin>
			<ymin>154</ymin>
			<xmax>598</xmax>
			<ymax>358</ymax>
		</bndbox>
	</object>
	<object>
		<name>button</name>
		<pose>Unspecified</pose>
		<truncated>0</truncated>
		<difficult>0</difficult>
		<bndbox>
			<xmin>173</xmin>
			<ymin>339</ymin>
			<xmax>576</xmax>
			<ymax>495</ymax>
		</bndbox>
	</object>
	<object>
		<name>paragraph</name>
		<pose>Unspecified</pose>
		<truncated>0</truncated>
		<difficult>0</difficult>
		<bndbox>
			<xmin>187</xmin>
			<ymin>504</ymin>
			<xmax>605</xmax>
			<ymax>673</ymax>
		</bndbox>
	</object>
</annotation>
