<annotation>
	<folder>processed_dataset_1</folder>
	<filename>20180506_204608.png</filename>
	<path>C:\Users\Kesava\Documents\Genie\processed_dataset_1\20180506_204608.png</path>
	<source>
		<database>Unknown</database>
	</source>
	<size>
		<width>720</width>
		<height>720</height>
		<depth>1</depth>
	</size>
	<segmented>0</segmented>
	<object>
		<name>heading1</name>
		<pose>Unspecified</pose>
		<truncated>0</truncated>
		<difficult>0</difficult>
		<bndbox>
			<xmin>208</xmin>
			<ymin>38</ymin>
			<xmax>551</xmax>
			<ymax>172</ymax>
		</bndbox>
	</object>
	<object>
		<name>paragraph</name>
		<pose>Unspecified</pose>
		<truncated>0</truncated>
		<difficult>0</difficult>
		<bndbox>
			<xmin>199</xmin>
			<ymin>171</ymin>
			<xmax>566</xmax>
			<ymax>301</ymax>
		</bndbox>
	</object>
	<object>
		<name>heading2</name>
		<pose>Unspecified</pose>
		<truncated>0</truncated>
		<difficult>0</difficult>
		<bndbox>
			<xmin>205</xmin>
			<ymin>301</ymin>
			<xmax>498</xmax>
			<ymax>450</ymax>
		</bndbox>
	</object>
	<object>
		<name>button</name>
		<pose>Unspecified</pose>
		<truncated>0</truncated>
		<difficult>0</difficult>
		<bndbox>
			<xmin>211</xmin>
			<ymin>448</ymin>
			<xmax>514</xmax>
			<ymax>569</ymax>
		</bndbox>
	</object>
</annotation>
