<annotation>
	<folder>processed_dataset_1</folder>
	<filename>20180506_221315.png</filename>
	<path>C:\Users\Kesava\Documents\Genie\processed_dataset_1\20180506_221315.png</path>
	<source>
		<database>Unknown</database>
	</source>
	<size>
		<width>720</width>
		<height>720</height>
		<depth>1</depth>
	</size>
	<segmented>0</segmented>
	<object>
		<name>button</name>
		<pose>Unspecified</pose>
		<truncated>0</truncated>
		<difficult>0</difficult>
		<bndbox>
			<xmin>125</xmin>
			<ymin>16</ymin>
			<xmax>616</xmax>
			<ymax>184</ymax>
		</bndbox>
	</object>
	<object>
		<name>picture</name>
		<pose>Unspecified</pose>
		<truncated>0</truncated>
		<difficult>0</difficult>
		<bndbox>
			<xmin>165</xmin>
			<ymin>181</ymin>
			<xmax>591</xmax>
			<ymax>365</ymax>
		</bndbox>
	</object>
	<object>
		<name>heading2</name>
		<pose>Unspecified</pose>
		<truncated>0</truncated>
		<difficult>0</difficult>
		<bndbox>
			<xmin>131</xmin>
			<ymin>377</ymin>
			<xmax>588</xmax>
			<ymax>512</ymax>
		</bndbox>
	</object>
	<object>
		<name>paragraph</name>
		<pose>Unspecified</pose>
		<truncated>0</truncated>
		<difficult>0</difficult>
		<bndbox>
			<xmin>134</xmin>
			<ymin>526</ymin>
			<xmax>624</xmax>
			<ymax>714</ymax>
		</bndbox>
	</object>
</annotation>
