<annotation>
	<folder>processed_dataset_1</folder>
	<filename>20180506_204126.png</filename>
	<path>C:\Users\Kesava\Documents\Genie\processed_dataset_1\20180506_204126.png</path>
	<source>
		<database>Unknown</database>
	</source>
	<size>
		<width>720</width>
		<height>720</height>
		<depth>1</depth>
	</size>
	<segmented>0</segmented>
	<object>
		<name>heading1</name>
		<pose>Unspecified</pose>
		<truncated>0</truncated>
		<difficult>0</difficult>
		<bndbox>
			<xmin>294</xmin>
			<ymin>20</ymin>
			<xmax>616</xmax>
			<ymax>147</ymax>
		</bndbox>
	</object>
	<object>
		<name>heading2</name>
		<pose>Unspecified</pose>
		<truncated>0</truncated>
		<difficult>0</difficult>
		<bndbox>
			<xmin>315</xmin>
			<ymin>149</ymin>
			<xmax>628</xmax>
			<ymax>276</ymax>
		</bndbox>
	</object>
	<object>
		<name>button</name>
		<pose>Unspecified</pose>
		<truncated>0</truncated>
		<difficult>0</difficult>
		<bndbox>
			<xmin>293</xmin>
			<ymin>279</ymin>
			<xmax>646</xmax>
			<ymax>387</ymax>
		</bndbox>
	</object>
	<object>
		<name>picture</name>
		<pose>Unspecified</pose>
		<truncated>0</truncated>
		<difficult>0</difficult>
		<bndbox>
			<xmin>323</xmin>
			<ymin>392</ymin>
			<xmax>639</xmax>
			<ymax>579</ymax>
		</bndbox>
	</object>
</annotation>
