<annotation>
	<folder>processed_dataset_1</folder>
	<filename>20180506_205531.png</filename>
	<path>C:\Users\Kesava\Documents\Genie\processed_dataset_1\20180506_205531.png</path>
	<source>
		<database>Unknown</database>
	</source>
	<size>
		<width>720</width>
		<height>720</height>
		<depth>1</depth>
	</size>
	<segmented>0</segmented>
	<object>
		<name>button</name>
		<pose>Unspecified</pose>
		<truncated>0</truncated>
		<difficult>0</difficult>
		<bndbox>
			<xmin>161</xmin>
			<ymin>34</ymin>
			<xmax>543</xmax>
			<ymax>154</ymax>
		</bndbox>
	</object>
	<object>
		<name>picture</name>
		<pose>Unspecified</pose>
		<truncated>0</truncated>
		<difficult>0</difficult>
		<bndbox>
			<xmin>143</xmin>
			<ymin>168</ymin>
			<xmax>533</xmax>
			<ymax>279</ymax>
		</bndbox>
	</object>
	<object>
		<name>paragraph</name>
		<pose>Unspecified</pose>
		<truncated>0</truncated>
		<difficult>0</difficult>
		<bndbox>
			<xmin>139</xmin>
			<ymin>295</ymin>
			<xmax>555</xmax>
			<ymax>412</ymax>
		</bndbox>
	</object>
	<object>
		<name>inline stepper bar</name>
		<pose>Unspecified</pose>
		<truncated>0</truncated>
		<difficult>0</difficult>
		<bndbox>
			<xmin>95</xmin>
			<ymin>429</ymin>
			<xmax>540</xmax>
			<ymax>553</ymax>
		</bndbox>
	</object>
	<object>
		<name>heading1</name>
		<pose>Unspecified</pose>
		<truncated>0</truncated>
		<difficult>0</difficult>
		<bndbox>
			<xmin>89</xmin>
			<ymin>566</ymin>
			<xmax>581</xmax>
			<ymax>708</ymax>
		</bndbox>
	</object>
</annotation>
