<annotation>
	<folder>processed_dataset_1</folder>
	<filename>20180506_221003.png</filename>
	<path>C:\Users\Kesava\Documents\Genie\processed_dataset_1\20180506_221003.png</path>
	<source>
		<database>Unknown</database>
	</source>
	<size>
		<width>720</width>
		<height>720</height>
		<depth>1</depth>
	</size>
	<segmented>0</segmented>
	<object>
		<name>inline stepper bar</name>
		<pose>Unspecified</pose>
		<truncated>0</truncated>
		<difficult>0</difficult>
		<bndbox>
			<xmin>24</xmin>
			<ymin>4</ymin>
			<xmax>604</xmax>
			<ymax>140</ymax>
		</bndbox>
	</object>
	<object>
		<name>heading2</name>
		<pose>Unspecified</pose>
		<truncated>0</truncated>
		<difficult>0</difficult>
		<bndbox>
			<xmin>55</xmin>
			<ymin>167</ymin>
			<xmax>627</xmax>
			<ymax>297</ymax>
		</bndbox>
	</object>
	<object>
		<name>picture</name>
		<pose>Unspecified</pose>
		<truncated>0</truncated>
		<difficult>0</difficult>
		<bndbox>
			<xmin>76</xmin>
			<ymin>296</ymin>
			<xmax>507</xmax>
			<ymax>501</ymax>
		</bndbox>
	</object>
	<object>
		<name>picture</name>
		<pose>Unspecified</pose>
		<truncated>1</truncated>
		<difficult>0</difficult>
		<bndbox>
			<xmin>89</xmin>
			<ymin>519</ymin>
			<xmax>461</xmax>
			<ymax>720</ymax>
		</bndbox>
	</object>
</annotation>
