<annotation>
	<folder>processed_dataset_1</folder>
	<filename>20180506_211424.png</filename>
	<path>C:\Users\Kesava\Documents\Genie\processed_dataset_1\20180506_211424.png</path>
	<source>
		<database>Unknown</database>
	</source>
	<size>
		<width>720</width>
		<height>720</height>
		<depth>1</depth>
	</size>
	<segmented>0</segmented>
	<object>
		<name>button</name>
		<pose>Unspecified</pose>
		<truncated>0</truncated>
		<difficult>0</difficult>
		<bndbox>
			<xmin>222</xmin>
			<ymin>59</ymin>
			<xmax>638</xmax>
			<ymax>219</ymax>
		</bndbox>
	</object>
	<object>
		<name>paragraph</name>
		<pose>Unspecified</pose>
		<truncated>0</truncated>
		<difficult>0</difficult>
		<bndbox>
			<xmin>239</xmin>
			<ymin>215</ymin>
			<xmax>617</xmax>
			<ymax>361</ymax>
		</bndbox>
	</object>
	<object>
		<name>heading3</name>
		<pose>Unspecified</pose>
		<truncated>0</truncated>
		<difficult>0</difficult>
		<bndbox>
			<xmin>263</xmin>
			<ymin>361</ymin>
			<xmax>562</xmax>
			<ymax>490</ymax>
		</bndbox>
	</object>
	<object>
		<name>paragraph</name>
		<pose>Unspecified</pose>
		<truncated>0</truncated>
		<difficult>0</difficult>
		<bndbox>
			<xmin>255</xmin>
			<ymin>497</ymin>
			<xmax>573</xmax>
			<ymax>614</ymax>
		</bndbox>
	</object>
</annotation>
