<annotation>
	<folder>processed_dataset_1</folder>
	<filename>20180506_204529.png</filename>
	<path>C:\Users\Kesava\Documents\Genie\processed_dataset_1\20180506_204529.png</path>
	<source>
		<database>Unknown</database>
	</source>
	<size>
		<width>720</width>
		<height>720</height>
		<depth>1</depth>
	</size>
	<segmented>0</segmented>
	<object>
		<name>picture</name>
		<pose>Unspecified</pose>
		<truncated>0</truncated>
		<difficult>0</difficult>
		<bndbox>
			<xmin>198</xmin>
			<ymin>75</ymin>
			<xmax>517</xmax>
			<ymax>246</ymax>
		</bndbox>
	</object>
	<object>
		<name>button</name>
		<pose>Unspecified</pose>
		<truncated>0</truncated>
		<difficult>0</difficult>
		<bndbox>
			<xmin>233</xmin>
			<ymin>248</ymin>
			<xmax>511</xmax>
			<ymax>354</ymax>
		</bndbox>
	</object>
	<object>
		<name>paragraph</name>
		<pose>Unspecified</pose>
		<truncated>0</truncated>
		<difficult>0</difficult>
		<bndbox>
			<xmin>241</xmin>
			<ymin>354</ymin>
			<xmax>514</xmax>
			<ymax>480</ymax>
		</bndbox>
	</object>
	<object>
		<name>paragraph</name>
		<pose>Unspecified</pose>
		<truncated>0</truncated>
		<difficult>0</difficult>
		<bndbox>
			<xmin>230</xmin>
			<ymin>500</ymin>
			<xmax>505</xmax>
			<ymax>648</ymax>
		</bndbox>
	</object>
</annotation>
