<annotation>
	<folder>processed_dataset_1</folder>
	<filename>20180506_211600.png</filename>
	<path>C:\Users\Kesava\Documents\Genie\processed_dataset_1\20180506_211600.png</path>
	<source>
		<database>Unknown</database>
	</source>
	<size>
		<width>720</width>
		<height>720</height>
		<depth>1</depth>
	</size>
	<segmented>0</segmented>
	<object>
		<name>search bar</name>
		<pose>Unspecified</pose>
		<truncated>0</truncated>
		<difficult>0</difficult>
		<bndbox>
			<xmin>237</xmin>
			<ymin>14</ymin>
			<xmax>695</xmax>
			<ymax>134</ymax>
		</bndbox>
	</object>
	<object>
		<name>inline stepper bar</name>
		<pose>Unspecified</pose>
		<truncated>0</truncated>
		<difficult>0</difficult>
		<bndbox>
			<xmin>235</xmin>
			<ymin>149</ymin>
			<xmax>695</xmax>
			<ymax>272</ymax>
		</bndbox>
	</object>
	<object>
		<name>picture</name>
		<pose>Unspecified</pose>
		<truncated>0</truncated>
		<difficult>0</difficult>
		<bndbox>
			<xmin>258</xmin>
			<ymin>297</ymin>
			<xmax>691</xmax>
			<ymax>538</ymax>
		</bndbox>
	</object>
	<object>
		<name>paragraph</name>
		<pose>Unspecified</pose>
		<truncated>0</truncated>
		<difficult>0</difficult>
		<bndbox>
			<xmin>274</xmin>
			<ymin>549</ymin>
			<xmax>637</xmax>
			<ymax>705</ymax>
		</bndbox>
	</object>
</annotation>
