<annotation>
	<folder>processed_dataset_1</folder>
	<filename>20180506_221414.png</filename>
	<path>C:\Users\Kesava\Documents\Genie\processed_dataset_1\20180506_221414.png</path>
	<source>
		<database>Unknown</database>
	</source>
	<size>
		<width>720</width>
		<height>720</height>
		<depth>1</depth>
	</size>
	<segmented>0</segmented>
	<object>
		<name>inline stepper bar</name>
		<pose>Unspecified</pose>
		<truncated>0</truncated>
		<difficult>0</difficult>
		<bndbox>
			<xmin>37</xmin>
			<ymin>11</ymin>
			<xmax>548</xmax>
			<ymax>141</ymax>
		</bndbox>
	</object>
	<object>
		<name>button</name>
		<pose>Unspecified</pose>
		<truncated>0</truncated>
		<difficult>0</difficult>
		<bndbox>
			<xmin>35</xmin>
			<ymin>157</ymin>
			<xmax>527</xmax>
			<ymax>291</ymax>
		</bndbox>
	</object>
	<object>
		<name>inline stepper bar</name>
		<pose>Unspecified</pose>
		<truncated>0</truncated>
		<difficult>0</difficult>
		<bndbox>
			<xmin>66</xmin>
			<ymin>315</ymin>
			<xmax>502</xmax>
			<ymax>449</ymax>
		</bndbox>
	</object>
	<object>
		<name>picture</name>
		<pose>Unspecified</pose>
		<truncated>0</truncated>
		<difficult>0</difficult>
		<bndbox>
			<xmin>80</xmin>
			<ymin>465</ymin>
			<xmax>486</xmax>
			<ymax>701</ymax>
		</bndbox>
	</object>
</annotation>
