<annotation>
	<folder>processed_dataset_1</folder>
	<filename>20180506_220739.png</filename>
	<path>C:\Users\Kesava\Documents\Genie\processed_dataset_1\20180506_220739.png</path>
	<source>
		<database>Unknown</database>
	</source>
	<size>
		<width>720</width>
		<height>720</height>
		<depth>1</depth>
	</size>
	<segmented>0</segmented>
	<object>
		<name>picture</name>
		<pose>Unspecified</pose>
		<truncated>0</truncated>
		<difficult>0</difficult>
		<bndbox>
			<xmin>45</xmin>
			<ymin>6</ymin>
			<xmax>471</xmax>
			<ymax>230</ymax>
		</bndbox>
	</object>
	<object>
		<name>search bar</name>
		<pose>Unspecified</pose>
		<truncated>0</truncated>
		<difficult>0</difficult>
		<bndbox>
			<xmin>85</xmin>
			<ymin>270</ymin>
			<xmax>526</xmax>
			<ymax>399</ymax>
		</bndbox>
	</object>
	<object>
		<name>button</name>
		<pose>Unspecified</pose>
		<truncated>0</truncated>
		<difficult>0</difficult>
		<bndbox>
			<xmin>83</xmin>
			<ymin>406</ymin>
			<xmax>533</xmax>
			<ymax>545</ymax>
		</bndbox>
	</object>
	<object>
		<name>picture</name>
		<pose>Unspecified</pose>
		<truncated>0</truncated>
		<difficult>0</difficult>
		<bndbox>
			<xmin>100</xmin>
			<ymin>565</ymin>
			<xmax>500</xmax>
			<ymax>703</ymax>
		</bndbox>
	</object>
</annotation>
