<annotation>
	<folder>processed_dataset_1</folder>
	<filename>20180506_205643.png</filename>
	<path>C:\Users\Kesava\Documents\Genie\processed_dataset_1\20180506_205643.png</path>
	<source>
		<database>Unknown</database>
	</source>
	<size>
		<width>720</width>
		<height>720</height>
		<depth>1</depth>
	</size>
	<segmented>0</segmented>
	<object>
		<name>heading1</name>
		<pose>Unspecified</pose>
		<truncated>0</truncated>
		<difficult>0</difficult>
		<bndbox>
			<xmin>201</xmin>
			<ymin>18</ymin>
			<xmax>591</xmax>
			<ymax>141</ymax>
		</bndbox>
	</object>
	<object>
		<name>picture</name>
		<pose>Unspecified</pose>
		<truncated>0</truncated>
		<difficult>0</difficult>
		<bndbox>
			<xmin>228</xmin>
			<ymin>141</ymin>
			<xmax>616</xmax>
			<ymax>349</ymax>
		</bndbox>
	</object>
	<object>
		<name>inline stepper bar</name>
		<pose>Unspecified</pose>
		<truncated>0</truncated>
		<difficult>0</difficult>
		<bndbox>
			<xmin>242</xmin>
			<ymin>352</ymin>
			<xmax>626</xmax>
			<ymax>465</ymax>
		</bndbox>
	</object>
	<object>
		<name>heading2</name>
		<pose>Unspecified</pose>
		<truncated>0</truncated>
		<difficult>0</difficult>
		<bndbox>
			<xmin>253</xmin>
			<ymin>472</ymin>
			<xmax>642</xmax>
			<ymax>589</ymax>
		</bndbox>
	</object>
	<object>
		<name>paragraph</name>
		<pose>Unspecified</pose>
		<truncated>0</truncated>
		<difficult>0</difficult>
		<bndbox>
			<xmin>244</xmin>
			<ymin>594</ymin>
			<xmax>640</xmax>
			<ymax>712</ymax>
		</bndbox>
	</object>
</annotation>
