<annotation>
	<folder>processed_dataset_1</folder>
	<filename>20180506_221046.png</filename>
	<path>C:\Users\Kesava\Documents\Genie\processed_dataset_1\20180506_221046.png</path>
	<source>
		<database>Unknown</database>
	</source>
	<size>
		<width>720</width>
		<height>720</height>
		<depth>1</depth>
	</size>
	<segmented>0</segmented>
	<object>
		<name>button</name>
		<pose>Unspecified</pose>
		<truncated>0</truncated>
		<difficult>0</difficult>
		<bndbox>
			<xmin>162</xmin>
			<ymin>14</ymin>
			<xmax>589</xmax>
			<ymax>142</ymax>
		</bndbox>
	</object>
	<object>
		<name>picture</name>
		<pose>Unspecified</pose>
		<truncated>0</truncated>
		<difficult>0</difficult>
		<bndbox>
			<xmin>183</xmin>
			<ymin>157</ymin>
			<xmax>597</xmax>
			<ymax>387</ymax>
		</bndbox>
	</object>
	<object>
		<name>search bar</name>
		<pose>Unspecified</pose>
		<truncated>0</truncated>
		<difficult>0</difficult>
		<bndbox>
			<xmin>191</xmin>
			<ymin>409</ymin>
			<xmax>604</xmax>
			<ymax>532</ymax>
		</bndbox>
	</object>
	<object>
		<name>inline stepper bar</name>
		<pose>Unspecified</pose>
		<truncated>0</truncated>
		<difficult>0</difficult>
		<bndbox>
			<xmin>171</xmin>
			<ymin>557</ymin>
			<xmax>673</xmax>
			<ymax>703</ymax>
		</bndbox>
	</object>
</annotation>
