<annotation>
	<folder>processed_dataset_1</folder>
	<filename>20180506_204414.png</filename>
	<path>C:\Users\Kesava\Documents\Genie\processed_dataset_1\20180506_204414.png</path>
	<source>
		<database>Unknown</database>
	</source>
	<size>
		<width>720</width>
		<height>720</height>
		<depth>1</depth>
	</size>
	<segmented>0</segmented>
	<object>
		<name>search bar</name>
		<pose>Unspecified</pose>
		<truncated>0</truncated>
		<difficult>0</difficult>
		<bndbox>
			<xmin>224</xmin>
			<ymin>26</ymin>
			<xmax>664</xmax>
			<ymax>193</ymax>
		</bndbox>
	</object>
	<object>
		<name>paragraph</name>
		<pose>Unspecified</pose>
		<truncated>0</truncated>
		<difficult>0</difficult>
		<bndbox>
			<xmin>244</xmin>
			<ymin>195</ymin>
			<xmax>618</xmax>
			<ymax>359</ymax>
		</bndbox>
	</object>
	<object>
		<name>heading3</name>
		<pose>Unspecified</pose>
		<truncated>0</truncated>
		<difficult>0</difficult>
		<bndbox>
			<xmin>244</xmin>
			<ymin>350</ymin>
			<xmax>636</xmax>
			<ymax>512</ymax>
		</bndbox>
	</object>
	<object>
		<name>button</name>
		<pose>Unspecified</pose>
		<truncated>0</truncated>
		<difficult>0</difficult>
		<bndbox>
			<xmin>255</xmin>
			<ymin>513</ymin>
			<xmax>636</xmax>
			<ymax>662</ymax>
		</bndbox>
	</object>
</annotation>
