<annotation>
	<folder>processed_dataset_1</folder>
	<filename>20180506_221318.png</filename>
	<path>C:\Users\Kesava\Documents\Genie\processed_dataset_1\20180506_221318.png</path>
	<source>
		<database>Unknown</database>
	</source>
	<size>
		<width>720</width>
		<height>720</height>
		<depth>1</depth>
	</size>
	<segmented>0</segmented>
	<object>
		<name>heading2</name>
		<pose>Unspecified</pose>
		<truncated>0</truncated>
		<difficult>0</difficult>
		<bndbox>
			<xmin>73</xmin>
			<ymin>2</ymin>
			<xmax>516</xmax>
			<ymax>118</ymax>
		</bndbox>
	</object>
	<object>
		<name>heading3</name>
		<pose>Unspecified</pose>
		<truncated>0</truncated>
		<difficult>0</difficult>
		<bndbox>
			<xmin>59</xmin>
			<ymin>138</ymin>
			<xmax>531</xmax>
			<ymax>314</ymax>
		</bndbox>
	</object>
	<object>
		<name>picture</name>
		<pose>Unspecified</pose>
		<truncated>0</truncated>
		<difficult>0</difficult>
		<bndbox>
			<xmin>69</xmin>
			<ymin>309</ymin>
			<xmax>497</xmax>
			<ymax>530</ymax>
		</bndbox>
	</object>
	<object>
		<name>paragraph</name>
		<pose>Unspecified</pose>
		<truncated>0</truncated>
		<difficult>0</difficult>
		<bndbox>
			<xmin>93</xmin>
			<ymin>536</ymin>
			<xmax>488</xmax>
			<ymax>693</ymax>
		</bndbox>
	</object>
</annotation>
