<annotation>
	<folder>processed_dataset_1</folder>
	<filename>20180506_210438.png</filename>
	<path>C:\Users\Kesava\Documents\Genie\processed_dataset_1\20180506_210438.png</path>
	<source>
		<database>Unknown</database>
	</source>
	<size>
		<width>720</width>
		<height>720</height>
		<depth>1</depth>
	</size>
	<segmented>0</segmented>
	<object>
		<name>heading1</name>
		<pose>Unspecified</pose>
		<truncated>0</truncated>
		<difficult>0</difficult>
		<bndbox>
			<xmin>119</xmin>
			<ymin>17</ymin>
			<xmax>550</xmax>
			<ymax>140</ymax>
		</bndbox>
	</object>
	<object>
		<name>picture</name>
		<pose>Unspecified</pose>
		<truncated>0</truncated>
		<difficult>0</difficult>
		<bndbox>
			<xmin>153</xmin>
			<ymin>147</ymin>
			<xmax>567</xmax>
			<ymax>373</ymax>
		</bndbox>
	</object>
	<object>
		<name>paragraph</name>
		<pose>Unspecified</pose>
		<truncated>0</truncated>
		<difficult>0</difficult>
		<bndbox>
			<xmin>164</xmin>
			<ymin>390</ymin>
			<xmax>541</xmax>
			<ymax>508</ymax>
		</bndbox>
	</object>
	<object>
		<name>paragraph</name>
		<pose>Unspecified</pose>
		<truncated>0</truncated>
		<difficult>0</difficult>
		<bndbox>
			<xmin>188</xmin>
			<ymin>512</ymin>
			<xmax>544</xmax>
			<ymax>618</ymax>
		</bndbox>
	</object>
	<object>
		<name>picture</name>
		<pose>Unspecified</pose>
		<truncated>1</truncated>
		<difficult>0</difficult>
		<bndbox>
			<xmin>198</xmin>
			<ymin>612</ymin>
			<xmax>547</xmax>
			<ymax>720</ymax>
		</bndbox>
	</object>
</annotation>
