<annotation>
	<folder>processed_dataset_1</folder>
	<filename>20180506_211956.png</filename>
	<path>C:\Users\Kesava\Documents\Genie\processed_dataset_1\20180506_211956.png</path>
	<source>
		<database>Unknown</database>
	</source>
	<size>
		<width>720</width>
		<height>720</height>
		<depth>1</depth>
	</size>
	<segmented>0</segmented>
	<object>
		<name>button</name>
		<pose>Unspecified</pose>
		<truncated>0</truncated>
		<difficult>0</difficult>
		<bndbox>
			<xmin>154</xmin>
			<ymin>6</ymin>
			<xmax>549</xmax>
			<ymax>183</ymax>
		</bndbox>
	</object>
	<object>
		<name>picture</name>
		<pose>Unspecified</pose>
		<truncated>0</truncated>
		<difficult>0</difficult>
		<bndbox>
			<xmin>187</xmin>
			<ymin>186</ymin>
			<xmax>550</xmax>
			<ymax>472</ymax>
		</bndbox>
	</object>
	<object>
		<name>heading3</name>
		<pose>Unspecified</pose>
		<truncated>0</truncated>
		<difficult>0</difficult>
		<bndbox>
			<xmin>199</xmin>
			<ymin>486</ymin>
			<xmax>530</xmax>
			<ymax>616</ymax>
		</bndbox>
	</object>
	<object>
		<name>heading3</name>
		<pose>Unspecified</pose>
		<truncated>1</truncated>
		<difficult>0</difficult>
		<bndbox>
			<xmin>191</xmin>
			<ymin>593</ymin>
			<xmax>533</xmax>
			<ymax>720</ymax>
		</bndbox>
	</object>
</annotation>
