<annotation>
	<folder>processed_dataset_1</folder>
	<filename>20180506_221234.png</filename>
	<path>C:\Users\Kesava\Documents\Genie\processed_dataset_1\20180506_221234.png</path>
	<source>
		<database>Unknown</database>
	</source>
	<size>
		<width>720</width>
		<height>720</height>
		<depth>1</depth>
	</size>
	<segmented>0</segmented>
	<object>
		<name>button</name>
		<pose>Unspecified</pose>
		<truncated>0</truncated>
		<difficult>0</difficult>
		<bndbox>
			<xmin>126</xmin>
			<ymin>19</ymin>
			<xmax>602</xmax>
			<ymax>165</ymax>
		</bndbox>
	</object>
	<object>
		<name>button</name>
		<pose>Unspecified</pose>
		<truncated>0</truncated>
		<difficult>0</difficult>
		<bndbox>
			<xmin>167</xmin>
			<ymin>206</ymin>
			<xmax>545</xmax>
			<ymax>351</ymax>
		</bndbox>
	</object>
	<object>
		<name>button</name>
		<pose>Unspecified</pose>
		<truncated>0</truncated>
		<difficult>0</difficult>
		<bndbox>
			<xmin>161</xmin>
			<ymin>380</ymin>
			<xmax>561</xmax>
			<ymax>498</ymax>
		</bndbox>
	</object>
	<object>
		<name>button</name>
		<pose>Unspecified</pose>
		<truncated>0</truncated>
		<difficult>0</difficult>
		<bndbox>
			<xmin>179</xmin>
			<ymin>540</ymin>
			<xmax>564</xmax>
			<ymax>686</ymax>
		</bndbox>
	</object>
</annotation>
