<annotation>
	<folder>processed_dataset_1</folder>
	<filename>20180506_204257.png</filename>
	<path>C:\Users\Kesava\Documents\Genie\processed_dataset_1\20180506_204257.png</path>
	<source>
		<database>Unknown</database>
	</source>
	<size>
		<width>720</width>
		<height>720</height>
		<depth>1</depth>
	</size>
	<segmented>0</segmented>
	<object>
		<name>search bar</name>
		<pose>Unspecified</pose>
		<truncated>0</truncated>
		<difficult>0</difficult>
		<bndbox>
			<xmin>216</xmin>
			<ymin>71</ymin>
			<xmax>612</xmax>
			<ymax>202</ymax>
		</bndbox>
	</object>
	<object>
		<name>heading3</name>
		<pose>Unspecified</pose>
		<truncated>0</truncated>
		<difficult>0</difficult>
		<bndbox>
			<xmin>241</xmin>
			<ymin>207</ymin>
			<xmax>601</xmax>
			<ymax>340</ymax>
		</bndbox>
	</object>
	<object>
		<name>inline stepper bar</name>
		<pose>Unspecified</pose>
		<truncated>0</truncated>
		<difficult>0</difficult>
		<bndbox>
			<xmin>240</xmin>
			<ymin>350</ymin>
			<xmax>616</xmax>
			<ymax>487</ymax>
		</bndbox>
	</object>
	<object>
		<name>picture</name>
		<pose>Unspecified</pose>
		<truncated>0</truncated>
		<difficult>0</difficult>
		<bndbox>
			<xmin>240</xmin>
			<ymin>504</ymin>
			<xmax>607</xmax>
			<ymax>687</ymax>
		</bndbox>
	</object>
</annotation>
