<annotation>
	<folder>processed_dataset_1</folder>
	<filename>20180506_211515.png</filename>
	<path>C:\Users\Kesava\Documents\Genie\processed_dataset_1\20180506_211515.png</path>
	<source>
		<database>Unknown</database>
	</source>
	<size>
		<width>720</width>
		<height>720</height>
		<depth>1</depth>
	</size>
	<segmented>0</segmented>
	<object>
		<name>button</name>
		<pose>Unspecified</pose>
		<truncated>0</truncated>
		<difficult>0</difficult>
		<bndbox>
			<xmin>99</xmin>
			<ymin>54</ymin>
			<xmax>482</xmax>
			<ymax>227</ymax>
		</bndbox>
	</object>
	<object>
		<name>picture</name>
		<pose>Unspecified</pose>
		<truncated>0</truncated>
		<difficult>0</difficult>
		<bndbox>
			<xmin>151</xmin>
			<ymin>243</ymin>
			<xmax>487</xmax>
			<ymax>431</ymax>
		</bndbox>
	</object>
	<object>
		<name>paragraph</name>
		<pose>Unspecified</pose>
		<truncated>0</truncated>
		<difficult>0</difficult>
		<bndbox>
			<xmin>134</xmin>
			<ymin>444</ymin>
			<xmax>488</xmax>
			<ymax>539</ymax>
		</bndbox>
	</object>
	<object>
		<name>heading2</name>
		<pose>Unspecified</pose>
		<truncated>0</truncated>
		<difficult>0</difficult>
		<bndbox>
			<xmin>145</xmin>
			<ymin>555</ymin>
			<xmax>475</xmax>
			<ymax>667</ymax>
		</bndbox>
	</object>
</annotation>
