<annotation>
	<folder>processed_dataset_1</folder>
	<filename>20180506_204613.png</filename>
	<path>C:\Users\Kesava\Documents\Genie\processed_dataset_1\20180506_204613.png</path>
	<source>
		<database>Unknown</database>
	</source>
	<size>
		<width>720</width>
		<height>720</height>
		<depth>1</depth>
	</size>
	<segmented>0</segmented>
	<object>
		<name>picture</name>
		<pose>Unspecified</pose>
		<truncated>0</truncated>
		<difficult>0</difficult>
		<bndbox>
			<xmin>170</xmin>
			<ymin>19</ymin>
			<xmax>609</xmax>
			<ymax>219</ymax>
		</bndbox>
	</object>
	<object>
		<name>button</name>
		<pose>Unspecified</pose>
		<truncated>0</truncated>
		<difficult>0</difficult>
		<bndbox>
			<xmin>166</xmin>
			<ymin>233</ymin>
			<xmax>592</xmax>
			<ymax>363</ymax>
		</bndbox>
	</object>
	<object>
		<name>button</name>
		<pose>Unspecified</pose>
		<truncated>0</truncated>
		<difficult>0</difficult>
		<bndbox>
			<xmin>147</xmin>
			<ymin>375</ymin>
			<xmax>563</xmax>
			<ymax>510</ymax>
		</bndbox>
	</object>
	<object>
		<name>paragraph</name>
		<pose>Unspecified</pose>
		<truncated>0</truncated>
		<difficult>0</difficult>
		<bndbox>
			<xmin>148</xmin>
			<ymin>526</ymin>
			<xmax>544</xmax>
			<ymax>680</ymax>
		</bndbox>
	</object>
</annotation>
