<annotation>
	<folder>processed_dataset_1</folder>
	<filename>20180506_221143.png</filename>
	<path>C:\Users\Kesava\Documents\Genie\processed_dataset_1\20180506_221143.png</path>
	<source>
		<database>Unknown</database>
	</source>
	<size>
		<width>720</width>
		<height>720</height>
		<depth>1</depth>
	</size>
	<segmented>0</segmented>
	<object>
		<name>button</name>
		<pose>Unspecified</pose>
		<truncated>0</truncated>
		<difficult>0</difficult>
		<bndbox>
			<xmin>88</xmin>
			<ymin>4</ymin>
			<xmax>558</xmax>
			<ymax>148</ymax>
		</bndbox>
	</object>
	<object>
		<name>picture</name>
		<pose>Unspecified</pose>
		<truncated>0</truncated>
		<difficult>0</difficult>
		<bndbox>
			<xmin>82</xmin>
			<ymin>176</ymin>
			<xmax>525</xmax>
			<ymax>389</ymax>
		</bndbox>
	</object>
	<object>
		<name>heading1</name>
		<pose>Unspecified</pose>
		<truncated>0</truncated>
		<difficult>0</difficult>
		<bndbox>
			<xmin>80</xmin>
			<ymin>396</ymin>
			<xmax>554</xmax>
			<ymax>540</ymax>
		</bndbox>
	</object>
	<object>
		<name>heading3</name>
		<pose>Unspecified</pose>
		<truncated>0</truncated>
		<difficult>0</difficult>
		<bndbox>
			<xmin>58</xmin>
			<ymin>540</ymin>
			<xmax>547</xmax>
			<ymax>695</ymax>
		</bndbox>
	</object>
</annotation>
