<annotation>
	<folder>processed_dataset_1</folder>
	<filename>20180506_212113.png</filename>
	<path>C:\Users\Kesava\Documents\Genie\processed_dataset_1\20180506_212113.png</path>
	<source>
		<database>Unknown</database>
	</source>
	<size>
		<width>720</width>
		<height>720</height>
		<depth>1</depth>
	</size>
	<segmented>0</segmented>
	<object>
		<name>picture</name>
		<pose>Unspecified</pose>
		<truncated>0</truncated>
		<difficult>0</difficult>
		<bndbox>
			<xmin>69</xmin>
			<ymin>10</ymin>
			<xmax>630</xmax>
			<ymax>218</ymax>
		</bndbox>
	</object>
	<object>
		<name>heading1</name>
		<pose>Unspecified</pose>
		<truncated>0</truncated>
		<difficult>0</difficult>
		<bndbox>
			<xmin>99</xmin>
			<ymin>239</ymin>
			<xmax>613</xmax>
			<ymax>388</ymax>
		</bndbox>
	</object>
	<object>
		<name>search bar</name>
		<pose>Unspecified</pose>
		<truncated>0</truncated>
		<difficult>0</difficult>
		<bndbox>
			<xmin>126</xmin>
			<ymin>392</ymin>
			<xmax>613</xmax>
			<ymax>522</ymax>
		</bndbox>
	</object>
	<object>
		<name>inline stepper bar</name>
		<pose>Unspecified</pose>
		<truncated>1</truncated>
		<difficult>0</difficult>
		<bndbox>
			<xmin>105</xmin>
			<ymin>565</ymin>
			<xmax>668</xmax>
			<ymax>720</ymax>
		</bndbox>
	</object>
</annotation>
