<annotation>
	<folder>processed_dataset_1</folder>
	<filename>20180506_211251.png</filename>
	<path>C:\Users\Kesava\Documents\Genie\processed_dataset_1\20180506_211251.png</path>
	<source>
		<database>Unknown</database>
	</source>
	<size>
		<width>720</width>
		<height>720</height>
		<depth>1</depth>
	</size>
	<segmented>0</segmented>
	<object>
		<name>picture</name>
		<pose>Unspecified</pose>
		<truncated>0</truncated>
		<difficult>0</difficult>
		<bndbox>
			<xmin>212</xmin>
			<ymin>38</ymin>
			<xmax>591</xmax>
			<ymax>257</ymax>
		</bndbox>
	</object>
	<object>
		<name>search bar</name>
		<pose>Unspecified</pose>
		<truncated>0</truncated>
		<difficult>0</difficult>
		<bndbox>
			<xmin>241</xmin>
			<ymin>256</ymin>
			<xmax>580</xmax>
			<ymax>415</ymax>
		</bndbox>
	</object>
	<object>
		<name>heading1</name>
		<pose>Unspecified</pose>
		<truncated>0</truncated>
		<difficult>0</difficult>
		<bndbox>
			<xmin>272</xmin>
			<ymin>422</ymin>
			<xmax>590</xmax>
			<ymax>547</ymax>
		</bndbox>
	</object>
	<object>
		<name>heading2</name>
		<pose>Unspecified</pose>
		<truncated>0</truncated>
		<difficult>0</difficult>
		<bndbox>
			<xmin>237</xmin>
			<ymin>583</ymin>
			<xmax>573</xmax>
			<ymax>703</ymax>
		</bndbox>
	</object>
</annotation>
