<annotation>
	<folder>processed_dataset_1</folder>
	<filename>20180506_204118.png</filename>
	<path>C:\Users\Kesava\Documents\Genie\processed_dataset_1\20180506_204118.png</path>
	<source>
		<database>Unknown</database>
	</source>
	<size>
		<width>720</width>
		<height>720</height>
		<depth>1</depth>
	</size>
	<segmented>0</segmented>
	<object>
		<name>paragraph</name>
		<pose>Unspecified</pose>
		<truncated>0</truncated>
		<difficult>0</difficult>
		<bndbox>
			<xmin>144</xmin>
			<ymin>23</ymin>
			<xmax>497</xmax>
			<ymax>152</ymax>
		</bndbox>
	</object>
	<object>
		<name>heading1</name>
		<pose>Unspecified</pose>
		<truncated>0</truncated>
		<difficult>0</difficult>
		<bndbox>
			<xmin>162</xmin>
			<ymin>154</ymin>
			<xmax>516</xmax>
			<ymax>316</ymax>
		</bndbox>
	</object>
	<object>
		<name>heading2</name>
		<pose>Unspecified</pose>
		<truncated>0</truncated>
		<difficult>0</difficult>
		<bndbox>
			<xmin>187</xmin>
			<ymin>309</ymin>
			<xmax>490</xmax>
			<ymax>473</ymax>
		</bndbox>
	</object>
	<object>
		<name>picture</name>
		<pose>Unspecified</pose>
		<truncated>0</truncated>
		<difficult>0</difficult>
		<bndbox>
			<xmin>185</xmin>
			<ymin>489</ymin>
			<xmax>490</xmax>
			<ymax>710</ymax>
		</bndbox>
	</object>
</annotation>
