<annotation>
	<folder>processed_dataset_1</folder>
	<filename>20180506_211347.png</filename>
	<path>C:\Users\Kesava\Documents\Genie\processed_dataset_1\20180506_211347.png</path>
	<source>
		<database>Unknown</database>
	</source>
	<size>
		<width>720</width>
		<height>720</height>
		<depth>1</depth>
	</size>
	<segmented>0</segmented>
	<object>
		<name>picture</name>
		<pose>Unspecified</pose>
		<truncated>0</truncated>
		<difficult>0</difficult>
		<bndbox>
			<xmin>149</xmin>
			<ymin>20</ymin>
			<xmax>548</xmax>
			<ymax>245</ymax>
		</bndbox>
	</object>
	<object>
		<name>heading3</name>
		<pose>Unspecified</pose>
		<truncated>0</truncated>
		<difficult>0</difficult>
		<bndbox>
			<xmin>209</xmin>
			<ymin>249</ymin>
			<xmax>537</xmax>
			<ymax>371</ymax>
		</bndbox>
	</object>
	<object>
		<name>search bar</name>
		<pose>Unspecified</pose>
		<truncated>0</truncated>
		<difficult>0</difficult>
		<bndbox>
			<xmin>211</xmin>
			<ymin>382</ymin>
			<xmax>547</xmax>
			<ymax>502</ymax>
		</bndbox>
	</object>
	<object>
		<name>paragraph</name>
		<pose>Unspecified</pose>
		<truncated>0</truncated>
		<difficult>0</difficult>
		<bndbox>
			<xmin>199</xmin>
			<ymin>515</ymin>
			<xmax>571</xmax>
			<ymax>709</ymax>
		</bndbox>
	</object>
</annotation>
