<annotation>
	<folder>processed_dataset_1</folder>
	<filename>20180506_210444.png</filename>
	<path>C:\Users\Kesava\Documents\Genie\processed_dataset_1\20180506_210444.png</path>
	<source>
		<database>Unknown</database>
	</source>
	<size>
		<width>720</width>
		<height>720</height>
		<depth>1</depth>
	</size>
	<segmented>0</segmented>
	<object>
		<name>picture</name>
		<pose>Unspecified</pose>
		<truncated>0</truncated>
		<difficult>0</difficult>
		<bndbox>
			<xmin>121</xmin>
			<ymin>35</ymin>
			<xmax>540</xmax>
			<ymax>315</ymax>
		</bndbox>
	</object>
	<object>
		<name>search bar</name>
		<pose>Unspecified</pose>
		<truncated>0</truncated>
		<difficult>0</difficult>
		<bndbox>
			<xmin>134</xmin>
			<ymin>326</ymin>
			<xmax>494</xmax>
			<ymax>426</ymax>
		</bndbox>
	</object>
	<object>
		<name>heading1</name>
		<pose>Unspecified</pose>
		<truncated>0</truncated>
		<difficult>0</difficult>
		<bndbox>
			<xmin>150</xmin>
			<ymin>445</ymin>
			<xmax>497</xmax>
			<ymax>552</ymax>
		</bndbox>
	</object>
	<object>
		<name>paragraph</name>
		<pose>Unspecified</pose>
		<truncated>0</truncated>
		<difficult>0</difficult>
		<bndbox>
			<xmin>144</xmin>
			<ymin>579</ymin>
			<xmax>483</xmax>
			<ymax>697</ymax>
		</bndbox>
	</object>
</annotation>
