<annotation>
	<folder>processed_dataset_1</folder>
	<filename>20180506_211200.png</filename>
	<path>C:\Users\Kesava\Documents\Genie\processed_dataset_1\20180506_211200.png</path>
	<source>
		<database>Unknown</database>
	</source>
	<size>
		<width>720</width>
		<height>720</height>
		<depth>1</depth>
	</size>
	<segmented>0</segmented>
	<object>
		<name>heading1</name>
		<pose>Unspecified</pose>
		<truncated>0</truncated>
		<difficult>0</difficult>
		<bndbox>
			<xmin>163</xmin>
			<ymin>19</ymin>
			<xmax>545</xmax>
			<ymax>196</ymax>
		</bndbox>
	</object>
	<object>
		<name>heading2</name>
		<pose>Unspecified</pose>
		<truncated>0</truncated>
		<difficult>0</difficult>
		<bndbox>
			<xmin>141</xmin>
			<ymin>200</ymin>
			<xmax>485</xmax>
			<ymax>363</ymax>
		</bndbox>
	</object>
	<object>
		<name>picture</name>
		<pose>Unspecified</pose>
		<truncated>0</truncated>
		<difficult>0</difficult>
		<bndbox>
			<xmin>168</xmin>
			<ymin>389</ymin>
			<xmax>497</xmax>
			<ymax>561</ymax>
		</bndbox>
	</object>
	<object>
		<name>button</name>
		<pose>Unspecified</pose>
		<truncated>0</truncated>
		<difficult>0</difficult>
		<bndbox>
			<xmin>165</xmin>
			<ymin>577</ymin>
			<xmax>539</xmax>
			<ymax>698</ymax>
		</bndbox>
	</object>
</annotation>
