<annotation>
	<folder>processed_dataset_1</folder>
	<filename>20180506_204217.png</filename>
	<path>C:\Users\Kesava\Documents\Genie\processed_dataset_1\20180506_204217.png</path>
	<source>
		<database>Unknown</database>
	</source>
	<size>
		<width>720</width>
		<height>720</height>
		<depth>1</depth>
	</size>
	<segmented>0</segmented>
	<object>
		<name>button</name>
		<pose>Unspecified</pose>
		<truncated>0</truncated>
		<difficult>0</difficult>
		<bndbox>
			<xmin>172</xmin>
			<ymin>46</ymin>
			<xmax>502</xmax>
			<ymax>208</ymax>
		</bndbox>
	</object>
	<object>
		<name>picture</name>
		<pose>Unspecified</pose>
		<truncated>0</truncated>
		<difficult>0</difficult>
		<bndbox>
			<xmin>223</xmin>
			<ymin>205</ymin>
			<xmax>558</xmax>
			<ymax>392</ymax>
		</bndbox>
	</object>
	<object>
		<name>heading1</name>
		<pose>Unspecified</pose>
		<truncated>0</truncated>
		<difficult>0</difficult>
		<bndbox>
			<xmin>219</xmin>
			<ymin>398</ymin>
			<xmax>578</xmax>
			<ymax>541</ymax>
		</bndbox>
	</object>
	<object>
		<name>heading2</name>
		<pose>Unspecified</pose>
		<truncated>0</truncated>
		<difficult>0</difficult>
		<bndbox>
			<xmin>201</xmin>
			<ymin>550</ymin>
			<xmax>580</xmax>
			<ymax>691</ymax>
		</bndbox>
	</object>
</annotation>
