<annotation>
	<folder>processed_dataset_1</folder>
	<filename>20180506_220851.png</filename>
	<path>C:\Users\Kesava\Documents\Genie\processed_dataset_1\20180506_220851.png</path>
	<source>
		<database>Unknown</database>
	</source>
	<size>
		<width>720</width>
		<height>720</height>
		<depth>1</depth>
	</size>
	<segmented>0</segmented>
	<object>
		<name>picture</name>
		<pose>Unspecified</pose>
		<truncated>0</truncated>
		<difficult>0</difficult>
		<bndbox>
			<xmin>63</xmin>
			<ymin>40</ymin>
			<xmax>423</xmax>
			<ymax>276</ymax>
		</bndbox>
	</object>
	<object>
		<name>picture</name>
		<pose>Unspecified</pose>
		<truncated>0</truncated>
		<difficult>0</difficult>
		<bndbox>
			<xmin>97</xmin>
			<ymin>280</ymin>
			<xmax>466</xmax>
			<ymax>502</ymax>
		</bndbox>
	</object>
	<object>
		<name>paragraph</name>
		<pose>Unspecified</pose>
		<truncated>0</truncated>
		<difficult>0</difficult>
		<bndbox>
			<xmin>69</xmin>
			<ymin>521</ymin>
			<xmax>576</xmax>
			<ymax>719</ymax>
		</bndbox>
	</object>
</annotation>
