<annotation>
	<folder>processed_dataset_1</folder>
	<filename>20180506_220818.png</filename>
	<path>C:\Users\Kesava\Documents\Genie\processed_dataset_1\20180506_220818.png</path>
	<source>
		<database>Unknown</database>
	</source>
	<size>
		<width>720</width>
		<height>720</height>
		<depth>1</depth>
	</size>
	<segmented>0</segmented>
	<object>
		<name>inline stepper bar</name>
		<pose>Unspecified</pose>
		<truncated>0</truncated>
		<difficult>0</difficult>
		<bndbox>
			<xmin>28</xmin>
			<ymin>9</ymin>
			<xmax>525</xmax>
			<ymax>146</ymax>
		</bndbox>
	</object>
	<object>
		<name>paragraph</name>
		<pose>Unspecified</pose>
		<truncated>0</truncated>
		<difficult>0</difficult>
		<bndbox>
			<xmin>57</xmin>
			<ymin>175</ymin>
			<xmax>510</xmax>
			<ymax>332</ymax>
		</bndbox>
	</object>
	<object>
		<name>picture</name>
		<pose>Unspecified</pose>
		<truncated>0</truncated>
		<difficult>0</difficult>
		<bndbox>
			<xmin>82</xmin>
			<ymin>340</ymin>
			<xmax>528</xmax>
			<ymax>572</ymax>
		</bndbox>
	</object>
	<object>
		<name>heading3</name>
		<pose>Unspecified</pose>
		<truncated>0</truncated>
		<difficult>0</difficult>
		<bndbox>
			<xmin>91</xmin>
			<ymin>583</ymin>
			<xmax>518</xmax>
			<ymax>719</ymax>
		</bndbox>
	</object>
</annotation>
