<annotation>
	<folder>processed_dataset_1</folder>
	<filename>20180506_220815.png</filename>
	<path>C:\Users\Kesava\Documents\Genie\processed_dataset_1\20180506_220815.png</path>
	<source>
		<database>Unknown</database>
	</source>
	<size>
		<width>720</width>
		<height>720</height>
		<depth>1</depth>
	</size>
	<segmented>0</segmented>
	<object>
		<name>button</name>
		<pose>Unspecified</pose>
		<truncated>0</truncated>
		<difficult>0</difficult>
		<bndbox>
			<xmin>118</xmin>
			<ymin>22</ymin>
			<xmax>588</xmax>
			<ymax>169</ymax>
		</bndbox>
	</object>
	<object>
		<name>button</name>
		<pose>Unspecified</pose>
		<truncated>0</truncated>
		<difficult>0</difficult>
		<bndbox>
			<xmin>176</xmin>
			<ymin>187</ymin>
			<xmax>644</xmax>
			<ymax>333</ymax>
		</bndbox>
	</object>
	<object>
		<name>picture</name>
		<pose>Unspecified</pose>
		<truncated>0</truncated>
		<difficult>0</difficult>
		<bndbox>
			<xmin>146</xmin>
			<ymin>355</ymin>
			<xmax>586</xmax>
			<ymax>588</ymax>
		</bndbox>
	</object>
	<object>
		<name>paragraph</name>
		<pose>Unspecified</pose>
		<truncated>1</truncated>
		<difficult>0</difficult>
		<bndbox>
			<xmin>200</xmin>
			<ymin>601</ymin>
			<xmax>589</xmax>
			<ymax>720</ymax>
		</bndbox>
	</object>
</annotation>
