<annotation>
	<folder>processed_dataset_1</folder>
	<filename>23813B86-9741-4ABC-B9B0-94E4AFFC602D.png</filename>
	<path>C:\Users\Kesava\Documents\Genie\processed_dataset_1\23813B86-9741-4ABC-B9B0-94E4AFFC602D.png</path>
	<source>
		<database>Unknown</database>
	</source>
	<size>
		<width>720</width>
		<height>720</height>
		<depth>1</depth>
	</size>
	<segmented>0</segmented>
	<object>
		<name>heading1</name>
		<pose>Unspecified</pose>
		<truncated>0</truncated>
		<difficult>0</difficult>
		<bndbox>
			<xmin>178</xmin>
			<ymin>122</ymin>
			<xmax>570</xmax>
			<ymax>224</ymax>
		</bndbox>
	</object>
	<object>
		<name>picture</name>
		<pose>Unspecified</pose>
		<truncated>0</truncated>
		<difficult>0</difficult>
		<bndbox>
			<xmin>176</xmin>
			<ymin>231</ymin>
			<xmax>556</xmax>
			<ymax>397</ymax>
		</bndbox>
	</object>
	<object>
		<name>inline stepper bar</name>
		<pose>Unspecified</pose>
		<truncated>0</truncated>
		<difficult>0</difficult>
		<bndbox>
			<xmin>184</xmin>
			<ymin>410</ymin>
			<xmax>529</xmax>
			<ymax>497</ymax>
		</bndbox>
	</object>
	<object>
		<name>search bar</name>
		<pose>Unspecified</pose>
		<truncated>0</truncated>
		<difficult>0</difficult>
		<bndbox>
			<xmin>150</xmin>
			<ymin>493</ymin>
			<xmax>533</xmax>
			<ymax>581</ymax>
		</bndbox>
	</object>
</annotation>
