<annotation>
	<folder>processed_dataset_1</folder>
	<filename>2C688755-9A4C-4385-A272-6458FC64B001.png</filename>
	<path>C:\Users\Kesava\Documents\Genie\processed_dataset_1\2C688755-9A4C-4385-A272-6458FC64B001.png</path>
	<source>
		<database>Unknown</database>
	</source>
	<size>
		<width>720</width>
		<height>720</height>
		<depth>1</depth>
	</size>
	<segmented>0</segmented>
	<object>
		<name>heading2</name>
		<pose>Unspecified</pose>
		<truncated>0</truncated>
		<difficult>0</difficult>
		<bndbox>
			<xmin>176</xmin>
			<ymin>22</ymin>
			<xmax>580</xmax>
			<ymax>176</ymax>
		</bndbox>
	</object>
	<object>
		<name>heading1</name>
		<pose>Unspecified</pose>
		<truncated>0</truncated>
		<difficult>0</difficult>
		<bndbox>
			<xmin>180</xmin>
			<ymin>195</ymin>
			<xmax>555</xmax>
			<ymax>363</ymax>
		</bndbox>
	</object>
	<object>
		<name>heading3</name>
		<pose>Unspecified</pose>
		<truncated>0</truncated>
		<difficult>0</difficult>
		<bndbox>
			<xmin>144</xmin>
			<ymin>382</ymin>
			<xmax>532</xmax>
			<ymax>572</ymax>
		</bndbox>
	</object>
	<object>
		<name>button</name>
		<pose>Unspecified</pose>
		<truncated>0</truncated>
		<difficult>0</difficult>
		<bndbox>
			<xmin>175</xmin>
			<ymin>569</ymin>
			<xmax>530</xmax>
			<ymax>701</ymax>
		</bndbox>
	</object>
</annotation>
