<annotation>
	<folder>processed_dataset_1</folder>
	<filename>36B0A2E4-C5EA-47C6-A0AC-3EA62022AD72.png</filename>
	<path>C:\Users\Kesava\Documents\Genie\processed_dataset_1\36B0A2E4-C5EA-47C6-A0AC-3EA62022AD72.png</path>
	<source>
		<database>Unknown</database>
	</source>
	<size>
		<width>720</width>
		<height>720</height>
		<depth>1</depth>
	</size>
	<segmented>0</segmented>
	<object>
		<name>picture</name>
		<pose>Unspecified</pose>
		<truncated>0</truncated>
		<difficult>0</difficult>
		<bndbox>
			<xmin>268</xmin>
			<ymin>89</ymin>
			<xmax>498</xmax>
			<ymax>215</ymax>
		</bndbox>
	</object>
	<object>
		<name>search bar</name>
		<pose>Unspecified</pose>
		<truncated>0</truncated>
		<difficult>0</difficult>
		<bndbox>
			<xmin>88</xmin>
			<ymin>233</ymin>
			<xmax>655</xmax>
			<ymax>304</ymax>
		</bndbox>
	</object>
	<object>
		<name>heading1</name>
		<pose>Unspecified</pose>
		<truncated>0</truncated>
		<difficult>0</difficult>
		<bndbox>
			<xmin>94</xmin>
			<ymin>312</ymin>
			<xmax>458</xmax>
			<ymax>394</ymax>
		</bndbox>
	</object>
	<object>
		<name>paragraph</name>
		<pose>Unspecified</pose>
		<truncated>0</truncated>
		<difficult>0</difficult>
		<bndbox>
			<xmin>98</xmin>
			<ymin>397</ymin>
			<xmax>501</xmax>
			<ymax>547</ymax>
		</bndbox>
	</object>
	<object>
		<name>inline stepper bar</name>
		<pose>Unspecified</pose>
		<truncated>0</truncated>
		<difficult>0</difficult>
		<bndbox>
			<xmin>106</xmin>
			<ymin>544</ymin>
			<xmax>358</xmax>
			<ymax>648</ymax>
		</bndbox>
	</object>
</annotation>
