<annotation>
	<folder>processed_dataset_1</folder>
	<filename>36DC7480-F137-4D76-A1BA-3B3F9903C16A.png</filename>
	<path>C:\Users\Kesava\Documents\Genie\processed_dataset_1\36DC7480-F137-4D76-A1BA-3B3F9903C16A.png</path>
	<source>
		<database>Unknown</database>
	</source>
	<size>
		<width>720</width>
		<height>720</height>
		<depth>1</depth>
	</size>
	<segmented>0</segmented>
	<object>
		<name>picture</name>
		<pose>Unspecified</pose>
		<truncated>0</truncated>
		<difficult>0</difficult>
		<bndbox>
			<xmin>208</xmin>
			<ymin>64</ymin>
			<xmax>454</xmax>
			<ymax>177</ymax>
		</bndbox>
	</object>
	<object>
		<name>paragraph</name>
		<pose>Unspecified</pose>
		<truncated>0</truncated>
		<difficult>0</difficult>
		<bndbox>
			<xmin>197</xmin>
			<ymin>189</ymin>
			<xmax>483</xmax>
			<ymax>291</ymax>
		</bndbox>
	</object>
	<object>
		<name>button</name>
		<pose>Unspecified</pose>
		<truncated>0</truncated>
		<difficult>0</difficult>
		<bndbox>
			<xmin>187</xmin>
			<ymin>304</ymin>
			<xmax>423</xmax>
			<ymax>393</ymax>
		</bndbox>
	</object>
	<object>
		<name>search bar</name>
		<pose>Unspecified</pose>
		<truncated>0</truncated>
		<difficult>0</difficult>
		<bndbox>
			<xmin>183</xmin>
			<ymin>422</ymin>
			<xmax>466</xmax>
			<ymax>498</ymax>
		</bndbox>
	</object>
</annotation>
