<annotation>
	<folder>processed_dataset_1</folder>
	<filename>37412F91-E0A6-4153-98FE-7A7722413FC5.png</filename>
	<path>C:\Users\Kesava\Documents\Genie\processed_dataset_1\37412F91-E0A6-4153-98FE-7A7722413FC5.png</path>
	<source>
		<database>Unknown</database>
	</source>
	<size>
		<width>720</width>
		<height>720</height>
		<depth>1</depth>
	</size>
	<segmented>0</segmented>
	<object>
		<name>search bar</name>
		<pose>Unspecified</pose>
		<truncated>0</truncated>
		<difficult>0</difficult>
		<bndbox>
			<xmin>140</xmin>
			<ymin>90</ymin>
			<xmax>623</xmax>
			<ymax>218</ymax>
		</bndbox>
	</object>
	<object>
		<name>search bar</name>
		<pose>Unspecified</pose>
		<truncated>0</truncated>
		<difficult>0</difficult>
		<bndbox>
			<xmin>126</xmin>
			<ymin>214</ymin>
			<xmax>593</xmax>
			<ymax>360</ymax>
		</bndbox>
	</object>
	<object>
		<name>search bar</name>
		<pose>Unspecified</pose>
		<truncated>0</truncated>
		<difficult>0</difficult>
		<bndbox>
			<xmin>114</xmin>
			<ymin>362</ymin>
			<xmax>549</xmax>
			<ymax>509</ymax>
		</bndbox>
	</object>
	<object>
		<name>search bar</name>
		<pose>Unspecified</pose>
		<truncated>0</truncated>
		<difficult>0</difficult>
		<bndbox>
			<xmin>84</xmin>
			<ymin>522</ymin>
			<xmax>505</xmax>
			<ymax>679</ymax>
		</bndbox>
	</object>
</annotation>
