<annotation>
	<folder>processed_dataset_1</folder>
	<filename>3B1C157C-1F24-43C3-9EA2-26879CF4D73B.png</filename>
	<path>C:\Users\Kesava\Documents\Genie\processed_dataset_1\3B1C157C-1F24-43C3-9EA2-26879CF4D73B.png</path>
	<source>
		<database>Unknown</database>
	</source>
	<size>
		<width>720</width>
		<height>720</height>
		<depth>1</depth>
	</size>
	<segmented>0</segmented>
	<object>
		<name>picture</name>
		<pose>Unspecified</pose>
		<truncated>0</truncated>
		<difficult>0</difficult>
		<bndbox>
			<xmin>192</xmin>
			<ymin>46</ymin>
			<xmax>528</xmax>
			<ymax>204</ymax>
		</bndbox>
	</object>
	<object>
		<name>search bar</name>
		<pose>Unspecified</pose>
		<truncated>0</truncated>
		<difficult>0</difficult>
		<bndbox>
			<xmin>198</xmin>
			<ymin>222</ymin>
			<xmax>505</xmax>
			<ymax>319</ymax>
		</bndbox>
	</object>
	<object>
		<name>heading1</name>
		<pose>Unspecified</pose>
		<truncated>0</truncated>
		<difficult>0</difficult>
		<bndbox>
			<xmin>191</xmin>
			<ymin>327</ymin>
			<xmax>504</xmax>
			<ymax>446</ymax>
		</bndbox>
	</object>
	<object>
		<name>heading3</name>
		<pose>Unspecified</pose>
		<truncated>0</truncated>
		<difficult>0</difficult>
		<bndbox>
			<xmin>187</xmin>
			<ymin>456</ymin>
			<xmax>482</xmax>
			<ymax>576</ymax>
		</bndbox>
	</object>
</annotation>
