<annotation>
	<folder>processed_dataset_1</folder>
	<filename>3F3C2764-28A5-4BF3-9AEA-DB9D9A9A32B5.png</filename>
	<path>C:\Users\Kesava\Documents\Genie\processed_dataset_1\3F3C2764-28A5-4BF3-9AEA-DB9D9A9A32B5.png</path>
	<source>
		<database>Unknown</database>
	</source>
	<size>
		<width>720</width>
		<height>720</height>
		<depth>1</depth>
	</size>
	<segmented>0</segmented>
	<object>
		<name>paragraph</name>
		<pose>Unspecified</pose>
		<truncated>0</truncated>
		<difficult>0</difficult>
		<bndbox>
			<xmin>166</xmin>
			<ymin>81</ymin>
			<xmax>630</xmax>
			<ymax>228</ymax>
		</bndbox>
	</object>
	<object>
		<name>search bar</name>
		<pose>Unspecified</pose>
		<truncated>0</truncated>
		<difficult>0</difficult>
		<bndbox>
			<xmin>155</xmin>
			<ymin>234</ymin>
			<xmax>583</xmax>
			<ymax>322</ymax>
		</bndbox>
	</object>
	<object>
		<name>paragraph</name>
		<pose>Unspecified</pose>
		<truncated>0</truncated>
		<difficult>0</difficult>
		<bndbox>
			<xmin>159</xmin>
			<ymin>322</ymin>
			<xmax>590</xmax>
			<ymax>445</ymax>
		</bndbox>
	</object>
	<object>
		<name>search bar</name>
		<pose>Unspecified</pose>
		<truncated>0</truncated>
		<difficult>0</difficult>
		<bndbox>
			<xmin>135</xmin>
			<ymin>463</ymin>
			<xmax>600</xmax>
			<ymax>612</ymax>
		</bndbox>
	</object>
</annotation>
