<annotation>
	<folder>processed_dataset_1</folder>
	<filename>43A8DD74-E27E-4517-B20E-5637049A1CE5.png</filename>
	<path>C:\Users\Kesava\Documents\Genie\processed_dataset_1\43A8DD74-E27E-4517-B20E-5637049A1CE5.png</path>
	<source>
		<database>Unknown</database>
	</source>
	<size>
		<width>720</width>
		<height>720</height>
		<depth>1</depth>
	</size>
	<segmented>0</segmented>
	<object>
		<name>paragraph</name>
		<pose>Unspecified</pose>
		<truncated>0</truncated>
		<difficult>0</difficult>
		<bndbox>
			<xmin>163</xmin>
			<ymin>36</ymin>
			<xmax>613</xmax>
			<ymax>175</ymax>
		</bndbox>
	</object>
	<object>
		<name>paragraph</name>
		<pose>Unspecified</pose>
		<truncated>0</truncated>
		<difficult>0</difficult>
		<bndbox>
			<xmin>157</xmin>
			<ymin>189</ymin>
			<xmax>605</xmax>
			<ymax>332</ymax>
		</bndbox>
	</object>
	<object>
		<name>search bar</name>
		<pose>Unspecified</pose>
		<truncated>0</truncated>
		<difficult>0</difficult>
		<bndbox>
			<xmin>127</xmin>
			<ymin>355</ymin>
			<xmax>560</xmax>
			<ymax>493</ymax>
		</bndbox>
	</object>
	<object>
		<name>search bar</name>
		<pose>Unspecified</pose>
		<truncated>0</truncated>
		<difficult>0</difficult>
		<bndbox>
			<xmin>129</xmin>
			<ymin>515</ymin>
			<xmax>550</xmax>
			<ymax>669</ymax>
		</bndbox>
	</object>
</annotation>
