<annotation>
	<folder>processed_dataset_1</folder>
	<filename>4A2911F0-537D-42FE-945E-091524DE51BD.png</filename>
	<path>C:\Users\Kesava\Documents\Genie\processed_dataset_1\4A2911F0-537D-42FE-945E-091524DE51BD.png</path>
	<source>
		<database>Unknown</database>
	</source>
	<size>
		<width>720</width>
		<height>720</height>
		<depth>1</depth>
	</size>
	<segmented>0</segmented>
	<object>
		<name>heading1</name>
		<pose>Unspecified</pose>
		<truncated>0</truncated>
		<difficult>0</difficult>
		<bndbox>
			<xmin>175</xmin>
			<ymin>93</ymin>
			<xmax>593</xmax>
			<ymax>239</ymax>
		</bndbox>
	</object>
	<object>
		<name>search bar</name>
		<pose>Unspecified</pose>
		<truncated>0</truncated>
		<difficult>0</difficult>
		<bndbox>
			<xmin>137</xmin>
			<ymin>255</ymin>
			<xmax>591</xmax>
			<ymax>426</ymax>
		</bndbox>
	</object>
	<object>
		<name>paragraph</name>
		<pose>Unspecified</pose>
		<truncated>0</truncated>
		<difficult>0</difficult>
		<bndbox>
			<xmin>98</xmin>
			<ymin>451</ymin>
			<xmax>566</xmax>
			<ymax>674</ymax>
		</bndbox>
	</object>
</annotation>
