<annotation>
	<folder>processed_dataset_1</folder>
	<filename>560333B3-86DC-488C-BC17-E72E0B5DD98A.png</filename>
	<path>C:\Users\Kesava\Documents\Genie\processed_dataset_1\560333B3-86DC-488C-BC17-E72E0B5DD98A.png</path>
	<source>
		<database>Unknown</database>
	</source>
	<size>
		<width>720</width>
		<height>720</height>
		<depth>1</depth>
	</size>
	<segmented>0</segmented>
	<object>
		<name>heading1</name>
		<pose>Unspecified</pose>
		<truncated>0</truncated>
		<difficult>0</difficult>
		<bndbox>
			<xmin>154</xmin>
			<ymin>33</ymin>
			<xmax>572</xmax>
			<ymax>154</ymax>
		</bndbox>
	</object>
	<object>
		<name>heading1</name>
		<pose>Unspecified</pose>
		<truncated>0</truncated>
		<difficult>0</difficult>
		<bndbox>
			<xmin>153</xmin>
			<ymin>158</ymin>
			<xmax>533</xmax>
			<ymax>281</ymax>
		</bndbox>
	</object>
	<object>
		<name>heading2</name>
		<pose>Unspecified</pose>
		<truncated>0</truncated>
		<difficult>0</difficult>
		<bndbox>
			<xmin>125</xmin>
			<ymin>297</ymin>
			<xmax>530</xmax>
			<ymax>437</ymax>
		</bndbox>
	</object>
	<object>
		<name>heading3</name>
		<pose>Unspecified</pose>
		<truncated>0</truncated>
		<difficult>0</difficult>
		<bndbox>
			<xmin>141</xmin>
			<ymin>446</ymin>
			<xmax>530</xmax>
			<ymax>576</ymax>
		</bndbox>
	</object>
	<object>
		<name>heading3</name>
		<pose>Unspecified</pose>
		<truncated>0</truncated>
		<difficult>0</difficult>
		<bndbox>
			<xmin>118</xmin>
			<ymin>571</ymin>
			<xmax>520</xmax>
			<ymax>702</ymax>
		</bndbox>
	</object>
</annotation>
