<annotation>
	<folder>processed_dataset_1</folder>
	<filename>5D03325C-18F4-455E-9363-DE584E99DB7B.png</filename>
	<path>C:\Users\Kesava\Documents\Genie\processed_dataset_1\5D03325C-18F4-455E-9363-DE584E99DB7B.png</path>
	<source>
		<database>Unknown</database>
	</source>
	<size>
		<width>720</width>
		<height>720</height>
		<depth>1</depth>
	</size>
	<segmented>0</segmented>
	<object>
		<name>paragraph</name>
		<pose>Unspecified</pose>
		<truncated>0</truncated>
		<difficult>0</difficult>
		<bndbox>
			<xmin>175</xmin>
			<ymin>62</ymin>
			<xmax>513</xmax>
			<ymax>181</ymax>
		</bndbox>
	</object>
	<object>
		<name>search bar</name>
		<pose>Unspecified</pose>
		<truncated>0</truncated>
		<difficult>0</difficult>
		<bndbox>
			<xmin>174</xmin>
			<ymin>172</ymin>
			<xmax>517</xmax>
			<ymax>294</ymax>
		</bndbox>
	</object>
	<object>
		<name>heading2</name>
		<pose>Unspecified</pose>
		<truncated>0</truncated>
		<difficult>0</difficult>
		<bndbox>
			<xmin>181</xmin>
			<ymin>296</ymin>
			<xmax>539</xmax>
			<ymax>400</ymax>
		</bndbox>
	</object>
	<object>
		<name>heading3</name>
		<pose>Unspecified</pose>
		<truncated>0</truncated>
		<difficult>0</difficult>
		<bndbox>
			<xmin>189</xmin>
			<ymin>398</ymin>
			<xmax>537</xmax>
			<ymax>512</ymax>
		</bndbox>
	</object>
	<object>
		<name>heading1</name>
		<pose>Unspecified</pose>
		<truncated>0</truncated>
		<difficult>0</difficult>
		<bndbox>
			<xmin>171</xmin>
			<ymin>512</ymin>
			<xmax>541</xmax>
			<ymax>640</ymax>
		</bndbox>
	</object>
</annotation>
