<annotation>
	<folder>processed_dataset_1</folder>
	<filename>6A9C7320-C276-4761-90C9-AD6C5BCEF752.png</filename>
	<path>C:\Users\Kesava\Documents\Genie\processed_dataset_1\6A9C7320-C276-4761-90C9-AD6C5BCEF752.png</path>
	<source>
		<database>Unknown</database>
	</source>
	<size>
		<width>720</width>
		<height>720</height>
		<depth>1</depth>
	</size>
	<segmented>0</segmented>
	<object>
		<name>search bar</name>
		<pose>Unspecified</pose>
		<truncated>0</truncated>
		<difficult>0</difficult>
		<bndbox>
			<xmin>126</xmin>
			<ymin>62</ymin>
			<xmax>580</xmax>
			<ymax>178</ymax>
		</bndbox>
	</object>
	<object>
		<name>picture</name>
		<pose>Unspecified</pose>
		<truncated>0</truncated>
		<difficult>0</difficult>
		<bndbox>
			<xmin>119</xmin>
			<ymin>183</ymin>
			<xmax>587</xmax>
			<ymax>347</ymax>
		</bndbox>
	</object>
	<object>
		<name>picture</name>
		<pose>Unspecified</pose>
		<truncated>0</truncated>
		<difficult>0</difficult>
		<bndbox>
			<xmin>134</xmin>
			<ymin>354</ymin>
			<xmax>521</xmax>
			<ymax>479</ymax>
		</bndbox>
	</object>
	<object>
		<name>inline stepper bar</name>
		<pose>Unspecified</pose>
		<truncated>0</truncated>
		<difficult>0</difficult>
		<bndbox>
			<xmin>137</xmin>
			<ymin>487</ymin>
			<xmax>540</xmax>
			<ymax>576</ymax>
		</bndbox>
	</object>
</annotation>
