<annotation>
	<folder>processed_dataset_1</folder>
	<filename>7A9FCBF2-09EB-4AB8-B0CB-DB5AE44568C5.png</filename>
	<path>C:\Users\Kesava\Documents\Genie\processed_dataset_1\7A9FCBF2-09EB-4AB8-B0CB-DB5AE44568C5.png</path>
	<source>
		<database>Unknown</database>
	</source>
	<size>
		<width>720</width>
		<height>720</height>
		<depth>1</depth>
	</size>
	<segmented>0</segmented>
	<object>
		<name>search bar</name>
		<pose>Unspecified</pose>
		<truncated>0</truncated>
		<difficult>0</difficult>
		<bndbox>
			<xmin>147</xmin>
			<ymin>42</ymin>
			<xmax>647</xmax>
			<ymax>154</ymax>
		</bndbox>
	</object>
	<object>
		<name>heading1</name>
		<pose>Unspecified</pose>
		<truncated>0</truncated>
		<difficult>0</difficult>
		<bndbox>
			<xmin>144</xmin>
			<ymin>167</ymin>
			<xmax>620</xmax>
			<ymax>280</ymax>
		</bndbox>
	</object>
	<object>
		<name>picture</name>
		<pose>Unspecified</pose>
		<truncated>0</truncated>
		<difficult>0</difficult>
		<bndbox>
			<xmin>148</xmin>
			<ymin>292</ymin>
			<xmax>575</xmax>
			<ymax>465</ymax>
		</bndbox>
	</object>
	<object>
		<name>paragraph</name>
		<pose>Unspecified</pose>
		<truncated>0</truncated>
		<difficult>0</difficult>
		<bndbox>
			<xmin>155</xmin>
			<ymin>467</ymin>
			<xmax>576</xmax>
			<ymax>610</ymax>
		</bndbox>
	</object>
	<object>
		<name>inline stepper bar</name>
		<pose>Unspecified</pose>
		<truncated>0</truncated>
		<difficult>0</difficult>
		<bndbox>
			<xmin>158</xmin>
			<ymin>604</ymin>
			<xmax>587</xmax>
			<ymax>705</ymax>
		</bndbox>
	</object>
</annotation>
