<annotation>
	<folder>processed_dataset_1</folder>
	<filename>7B37746E-9977-4614-AB5C-CDD749E5C208.png</filename>
	<path>C:\Users\Kesava\Documents\Genie\processed_dataset_1\7B37746E-9977-4614-AB5C-CDD749E5C208.png</path>
	<source>
		<database>Unknown</database>
	</source>
	<size>
		<width>720</width>
		<height>720</height>
		<depth>1</depth>
	</size>
	<segmented>0</segmented>
	<object>
		<name>heading1</name>
		<pose>Unspecified</pose>
		<truncated>0</truncated>
		<difficult>0</difficult>
		<bndbox>
			<xmin>182</xmin>
			<ymin>69</ymin>
			<xmax>593</xmax>
			<ymax>227</ymax>
		</bndbox>
	</object>
	<object>
		<name>heading2</name>
		<pose>Unspecified</pose>
		<truncated>0</truncated>
		<difficult>0</difficult>
		<bndbox>
			<xmin>162</xmin>
			<ymin>226</ymin>
			<xmax>584</xmax>
			<ymax>363</ymax>
		</bndbox>
	</object>
	<object>
		<name>heading2</name>
		<pose>Unspecified</pose>
		<truncated>0</truncated>
		<difficult>0</difficult>
		<bndbox>
			<xmin>177</xmin>
			<ymin>365</ymin>
			<xmax>573</xmax>
			<ymax>513</ymax>
		</bndbox>
	</object>
	<object>
		<name>heading1</name>
		<pose>Unspecified</pose>
		<truncated>0</truncated>
		<difficult>0</difficult>
		<bndbox>
			<xmin>158</xmin>
			<ymin>522</ymin>
			<xmax>566</xmax>
			<ymax>665</ymax>
		</bndbox>
	</object>
</annotation>
