<annotation>
	<folder>processed_dataset_1</folder>
	<filename>7E43C92C-8CD8-4572-B9B5-D6E7A6C229F6.png</filename>
	<path>C:\Users\Kesava\Documents\Genie\processed_dataset_1\7E43C92C-8CD8-4572-B9B5-D6E7A6C229F6.png</path>
	<source>
		<database>Unknown</database>
	</source>
	<size>
		<width>720</width>
		<height>720</height>
		<depth>1</depth>
	</size>
	<segmented>0</segmented>
	<object>
		<name>picture</name>
		<pose>Unspecified</pose>
		<truncated>0</truncated>
		<difficult>0</difficult>
		<bndbox>
			<xmin>137</xmin>
			<ymin>55</ymin>
			<xmax>559</xmax>
			<ymax>247</ymax>
		</bndbox>
	</object>
	<object>
		<name>button</name>
		<pose>Unspecified</pose>
		<truncated>0</truncated>
		<difficult>0</difficult>
		<bndbox>
			<xmin>110</xmin>
			<ymin>273</ymin>
			<xmax>553</xmax>
			<ymax>469</ymax>
		</bndbox>
	</object>
	<object>
		<name>picture</name>
		<pose>Unspecified</pose>
		<truncated>0</truncated>
		<difficult>0</difficult>
		<bndbox>
			<xmin>130</xmin>
			<ymin>476</ymin>
			<xmax>522</xmax>
			<ymax>679</ymax>
		</bndbox>
	</object>
</annotation>
