<annotation>
	<folder>processed_dataset_1</folder>
	<filename>88E4749B-054F-4773-9EE3-200F2C962C1B.png</filename>
	<path>C:\Users\Kesava\Documents\Genie\processed_dataset_1\88E4749B-054F-4773-9EE3-200F2C962C1B.png</path>
	<source>
		<database>Unknown</database>
	</source>
	<size>
		<width>720</width>
		<height>720</height>
		<depth>1</depth>
	</size>
	<segmented>0</segmented>
	<object>
		<name>paragraph</name>
		<pose>Unspecified</pose>
		<truncated>0</truncated>
		<difficult>0</difficult>
		<bndbox>
			<xmin>164</xmin>
			<ymin>108</ymin>
			<xmax>578</xmax>
			<ymax>230</ymax>
		</bndbox>
	</object>
	<object>
		<name>search bar</name>
		<pose>Unspecified</pose>
		<truncated>0</truncated>
		<difficult>0</difficult>
		<bndbox>
			<xmin>162</xmin>
			<ymin>238</ymin>
			<xmax>560</xmax>
			<ymax>372</ymax>
		</bndbox>
	</object>
	<object>
		<name>search bar</name>
		<pose>Unspecified</pose>
		<truncated>0</truncated>
		<difficult>0</difficult>
		<bndbox>
			<xmin>110</xmin>
			<ymin>371</ymin>
			<xmax>551</xmax>
			<ymax>526</ymax>
		</bndbox>
	</object>
</annotation>
