<annotation>
	<folder>processed_dataset_1</folder>
	<filename>929060F7-2F94-461F-B665-BEAC4D7DE6F2.png</filename>
	<path>C:\Users\Kesava\Documents\Genie\processed_dataset_1\929060F7-2F94-461F-B665-BEAC4D7DE6F2.png</path>
	<source>
		<database>Unknown</database>
	</source>
	<size>
		<width>720</width>
		<height>720</height>
		<depth>1</depth>
	</size>
	<segmented>0</segmented>
	<object>
		<name>heading2</name>
		<pose>Unspecified</pose>
		<truncated>0</truncated>
		<difficult>0</difficult>
		<bndbox>
			<xmin>154</xmin>
			<ymin>12</ymin>
			<xmax>594</xmax>
			<ymax>108</ymax>
		</bndbox>
	</object>
	<object>
		<name>search bar</name>
		<pose>Unspecified</pose>
		<truncated>0</truncated>
		<difficult>0</difficult>
		<bndbox>
			<xmin>153</xmin>
			<ymin>112</ymin>
			<xmax>588</xmax>
			<ymax>197</ymax>
		</bndbox>
	</object>
	<object>
		<name>paragraph</name>
		<pose>Unspecified</pose>
		<truncated>0</truncated>
		<difficult>0</difficult>
		<bndbox>
			<xmin>158</xmin>
			<ymin>204</ymin>
			<xmax>579</xmax>
			<ymax>368</ymax>
		</bndbox>
	</object>
	<object>
		<name>button</name>
		<pose>Unspecified</pose>
		<truncated>0</truncated>
		<difficult>0</difficult>
		<bndbox>
			<xmin>155</xmin>
			<ymin>380</ymin>
			<xmax>541</xmax>
			<ymax>471</ymax>
		</bndbox>
	</object>
	<object>
		<name>picture</name>
		<pose>Unspecified</pose>
		<truncated>0</truncated>
		<difficult>0</difficult>
		<bndbox>
			<xmin>161</xmin>
			<ymin>482</ymin>
			<xmax>533</xmax>
			<ymax>626</ymax>
		</bndbox>
	</object>
	<object>
		<name>paragraph</name>
		<pose>Unspecified</pose>
		<truncated>0</truncated>
		<difficult>0</difficult>
		<bndbox>
			<xmin>181</xmin>
			<ymin>626</ymin>
			<xmax>523</xmax>
			<ymax>706</ymax>
		</bndbox>
	</object>
</annotation>
