<annotation>
	<folder>processed_dataset_1</folder>
	<filename>A10D1641-9C1B-4921-945B-A765B87639ED.png</filename>
	<path>C:\Users\Kesava\Documents\Genie\processed_dataset_1\A10D1641-9C1B-4921-945B-A765B87639ED.png</path>
	<source>
		<database>Unknown</database>
	</source>
	<size>
		<width>720</width>
		<height>720</height>
		<depth>1</depth>
	</size>
	<segmented>0</segmented>
	<object>
		<name>picture</name>
		<pose>Unspecified</pose>
		<truncated>0</truncated>
		<difficult>0</difficult>
		<bndbox>
			<xmin>125</xmin>
			<ymin>115</ymin>
			<xmax>613</xmax>
			<ymax>237</ymax>
		</bndbox>
	</object>
	<object>
		<name>search bar</name>
		<pose>Unspecified</pose>
		<truncated>0</truncated>
		<difficult>0</difficult>
		<bndbox>
			<xmin>133</xmin>
			<ymin>251</ymin>
			<xmax>575</xmax>
			<ymax>318</ymax>
		</bndbox>
	</object>
	<object>
		<name>inline stepper bar</name>
		<pose>Unspecified</pose>
		<truncated>0</truncated>
		<difficult>0</difficult>
		<bndbox>
			<xmin>124</xmin>
			<ymin>327</ymin>
			<xmax>552</xmax>
			<ymax>436</ymax>
		</bndbox>
	</object>
	<object>
		<name>search bar</name>
		<pose>Unspecified</pose>
		<truncated>0</truncated>
		<difficult>0</difficult>
		<bndbox>
			<xmin>122</xmin>
			<ymin>439</ymin>
			<xmax>523</xmax>
			<ymax>588</ymax>
		</bndbox>
	</object>
	<object>
		<name>paragraph</name>
		<pose>Unspecified</pose>
		<truncated>0</truncated>
		<difficult>0</difficult>
		<bndbox>
			<xmin>105</xmin>
			<ymin>591</ymin>
			<xmax>495</xmax>
			<ymax>676</ymax>
		</bndbox>
	</object>
</annotation>
