<annotation>
	<folder>processed_dataset_1</folder>
	<filename>AAEA712B-1CAE-441F-8D7C-707018AA1FDF.png</filename>
	<path>C:\Users\Kesava\Documents\Genie\processed_dataset_1\AAEA712B-1CAE-441F-8D7C-707018AA1FDF.png</path>
	<source>
		<database>Unknown</database>
	</source>
	<size>
		<width>720</width>
		<height>720</height>
		<depth>1</depth>
	</size>
	<segmented>0</segmented>
	<object>
		<name>search bar</name>
		<pose>Unspecified</pose>
		<truncated>0</truncated>
		<difficult>0</difficult>
		<bndbox>
			<xmin>123</xmin>
			<ymin>40</ymin>
			<xmax>653</xmax>
			<ymax>121</ymax>
		</bndbox>
	</object>
	<object>
		<name>search bar</name>
		<pose>Unspecified</pose>
		<truncated>0</truncated>
		<difficult>0</difficult>
		<bndbox>
			<xmin>116</xmin>
			<ymin>139</ymin>
			<xmax>631</xmax>
			<ymax>228</ymax>
		</bndbox>
	</object>
	<object>
		<name>paragraph</name>
		<pose>Unspecified</pose>
		<truncated>0</truncated>
		<difficult>0</difficult>
		<bndbox>
			<xmin>118</xmin>
			<ymin>249</ymin>
			<xmax>638</xmax>
			<ymax>517</ymax>
		</bndbox>
	</object>
	<object>
		<name>search bar</name>
		<pose>Unspecified</pose>
		<truncated>0</truncated>
		<difficult>0</difficult>
		<bndbox>
			<xmin>139</xmin>
			<ymin>517</ymin>
			<xmax>587</xmax>
			<ymax>658</ymax>
		</bndbox>
	</object>
</annotation>
