<annotation>
	<folder>processed_dataset_1</folder>
	<filename>ADF07190-4A63-4D96-99F7-8FECC431B98E.png</filename>
	<path>C:\Users\Kesava\Documents\Genie\processed_dataset_1\ADF07190-4A63-4D96-99F7-8FECC431B98E.png</path>
	<source>
		<database>Unknown</database>
	</source>
	<size>
		<width>720</width>
		<height>720</height>
		<depth>1</depth>
	</size>
	<segmented>0</segmented>
	<object>
		<name>paragraph</name>
		<pose>Unspecified</pose>
		<truncated>0</truncated>
		<difficult>0</difficult>
		<bndbox>
			<xmin>143</xmin>
			<ymin>30</ymin>
			<xmax>615</xmax>
			<ymax>198</ymax>
		</bndbox>
	</object>
	<object>
		<name>search bar</name>
		<pose>Unspecified</pose>
		<truncated>0</truncated>
		<difficult>0</difficult>
		<bndbox>
			<xmin>138</xmin>
			<ymin>204</ymin>
			<xmax>558</xmax>
			<ymax>321</ymax>
		</bndbox>
	</object>
	<object>
		<name>search bar</name>
		<pose>Unspecified</pose>
		<truncated>0</truncated>
		<difficult>0</difficult>
		<bndbox>
			<xmin>106</xmin>
			<ymin>331</ymin>
			<xmax>529</xmax>
			<ymax>467</ymax>
		</bndbox>
	</object>
	<object>
		<name>paragraph</name>
		<pose>Unspecified</pose>
		<truncated>0</truncated>
		<difficult>0</difficult>
		<bndbox>
			<xmin>99</xmin>
			<ymin>483</ymin>
			<xmax>553</xmax>
			<ymax>632</ymax>
		</bndbox>
	</object>
</annotation>
