<annotation>
	<folder>processed_dataset_1</folder>
	<filename>AEC77E4F-E793-4BF5-BC68-5D963671F54F.png</filename>
	<path>C:\Users\Kesava\Documents\Genie\processed_dataset_1\AEC77E4F-E793-4BF5-BC68-5D963671F54F.png</path>
	<source>
		<database>Unknown</database>
	</source>
	<size>
		<width>720</width>
		<height>720</height>
		<depth>1</depth>
	</size>
	<segmented>0</segmented>
	<object>
		<name>heading2</name>
		<pose>Unspecified</pose>
		<truncated>0</truncated>
		<difficult>0</difficult>
		<bndbox>
			<xmin>112</xmin>
			<ymin>110</ymin>
			<xmax>610</xmax>
			<ymax>236</ymax>
		</bndbox>
	</object>
	<object>
		<name>heading1</name>
		<pose>Unspecified</pose>
		<truncated>0</truncated>
		<difficult>0</difficult>
		<bndbox>
			<xmin>124</xmin>
			<ymin>251</ymin>
			<xmax>585</xmax>
			<ymax>385</ymax>
		</bndbox>
	</object>
	<object>
		<name>paragraph</name>
		<pose>Unspecified</pose>
		<truncated>0</truncated>
		<difficult>0</difficult>
		<bndbox>
			<xmin>108</xmin>
			<ymin>390</ymin>
			<xmax>529</xmax>
			<ymax>517</ymax>
		</bndbox>
	</object>
	<object>
		<name>picture</name>
		<pose>Unspecified</pose>
		<truncated>0</truncated>
		<difficult>0</difficult>
		<bndbox>
			<xmin>119</xmin>
			<ymin>520</ymin>
			<xmax>454</xmax>
			<ymax>608</ymax>
		</bndbox>
	</object>
	<object>
		<name>button</name>
		<pose>Unspecified</pose>
		<truncated>0</truncated>
		<difficult>0</difficult>
		<bndbox>
			<xmin>152</xmin>
			<ymin>599</ymin>
			<xmax>455</xmax>
			<ymax>693</ymax>
		</bndbox>
	</object>
</annotation>
