<annotation>
	<folder>processed_dataset_1</folder>
	<filename>BA25A35B-E39B-49AE-87DA-433A353C8597.png</filename>
	<path>C:\Users\Kesava\Documents\Genie\processed_dataset_1\BA25A35B-E39B-49AE-87DA-433A353C8597.png</path>
	<source>
		<database>Unknown</database>
	</source>
	<size>
		<width>720</width>
		<height>720</height>
		<depth>1</depth>
	</size>
	<segmented>0</segmented>
	<object>
		<name>paragraph</name>
		<pose>Unspecified</pose>
		<truncated>0</truncated>
		<difficult>0</difficult>
		<bndbox>
			<xmin>148</xmin>
			<ymin>54</ymin>
			<xmax>634</xmax>
			<ymax>195</ymax>
		</bndbox>
	</object>
	<object>
		<name>paragraph</name>
		<pose>Unspecified</pose>
		<truncated>0</truncated>
		<difficult>0</difficult>
		<bndbox>
			<xmin>147</xmin>
			<ymin>198</ymin>
			<xmax>569</xmax>
			<ymax>320</ymax>
		</bndbox>
	</object>
	<object>
		<name>search bar</name>
		<pose>Unspecified</pose>
		<truncated>0</truncated>
		<difficult>0</difficult>
		<bndbox>
			<xmin>147</xmin>
			<ymin>326</ymin>
			<xmax>546</xmax>
			<ymax>498</ymax>
		</bndbox>
	</object>
	<object>
		<name>picture</name>
		<pose>Unspecified</pose>
		<truncated>0</truncated>
		<difficult>0</difficult>
		<bndbox>
			<xmin>144</xmin>
			<ymin>509</ymin>
			<xmax>564</xmax>
			<ymax>659</ymax>
		</bndbox>
	</object>
</annotation>
