<annotation>
	<folder>processed_dataset_1</folder>
	<filename>BA748FD5-0ECD-45DD-9F03-E80609EDF4C8.png</filename>
	<path>C:\Users\Kesava\Documents\Genie\processed_dataset_1\BA748FD5-0ECD-45DD-9F03-E80609EDF4C8.png</path>
	<source>
		<database>Unknown</database>
	</source>
	<size>
		<width>720</width>
		<height>720</height>
		<depth>1</depth>
	</size>
	<segmented>0</segmented>
	<object>
		<name>heading1</name>
		<pose>Unspecified</pose>
		<truncated>0</truncated>
		<difficult>0</difficult>
		<bndbox>
			<xmin>85</xmin>
			<ymin>23</ymin>
			<xmax>667</xmax>
			<ymax>152</ymax>
		</bndbox>
	</object>
	<object>
		<name>search bar</name>
		<pose>Unspecified</pose>
		<truncated>0</truncated>
		<difficult>0</difficult>
		<bndbox>
			<xmin>60</xmin>
			<ymin>185</ymin>
			<xmax>645</xmax>
			<ymax>319</ymax>
		</bndbox>
	</object>
	<object>
		<name>paragraph</name>
		<pose>Unspecified</pose>
		<truncated>0</truncated>
		<difficult>0</difficult>
		<bndbox>
			<xmin>59</xmin>
			<ymin>298</ymin>
			<xmax>620</xmax>
			<ymax>457</ymax>
		</bndbox>
	</object>
	<object>
		<name>heading3</name>
		<pose>Unspecified</pose>
		<truncated>0</truncated>
		<difficult>0</difficult>
		<bndbox>
			<xmin>43</xmin>
			<ymin>451</ymin>
			<xmax>667</xmax>
			<ymax>650</ymax>
		</bndbox>
	</object>
</annotation>
