<annotation>
	<folder>processed_dataset_1</folder>
	<filename>BECCD375-58DE-48A0-BBF1-DD398AB48940.png</filename>
	<path>C:\Users\Kesava\Documents\Genie\processed_dataset_1\BECCD375-58DE-48A0-BBF1-DD398AB48940.png</path>
	<source>
		<database>Unknown</database>
	</source>
	<size>
		<width>720</width>
		<height>720</height>
		<depth>1</depth>
	</size>
	<segmented>0</segmented>
	<object>
		<name>picture</name>
		<pose>Unspecified</pose>
		<truncated>0</truncated>
		<difficult>0</difficult>
		<bndbox>
			<xmin>192</xmin>
			<ymin>117</ymin>
			<xmax>513</xmax>
			<ymax>261</ymax>
		</bndbox>
	</object>
	<object>
		<name>button</name>
		<pose>Unspecified</pose>
		<truncated>0</truncated>
		<difficult>0</difficult>
		<bndbox>
			<xmin>195</xmin>
			<ymin>285</ymin>
			<xmax>460</xmax>
			<ymax>389</ymax>
		</bndbox>
	</object>
	<object>
		<name>search bar</name>
		<pose>Unspecified</pose>
		<truncated>0</truncated>
		<difficult>0</difficult>
		<bndbox>
			<xmin>197</xmin>
			<ymin>400</ymin>
			<xmax>489</xmax>
			<ymax>506</ymax>
		</bndbox>
	</object>
</annotation>
