<annotation>
	<folder>processed_dataset_1</folder>
	<filename>C4AFEAB2-1D29-4597-9C2E-FFAFB3E53657.png</filename>
	<path>C:\Users\Kesava\Documents\Genie\processed_dataset_1\C4AFEAB2-1D29-4597-9C2E-FFAFB3E53657.png</path>
	<source>
		<database>Unknown</database>
	</source>
	<size>
		<width>720</width>
		<height>720</height>
		<depth>1</depth>
	</size>
	<segmented>0</segmented>
	<object>
		<name>picture</name>
		<pose>Unspecified</pose>
		<truncated>0</truncated>
		<difficult>0</difficult>
		<bndbox>
			<xmin>215</xmin>
			<ymin>104</ymin>
			<xmax>533</xmax>
			<ymax>227</ymax>
		</bndbox>
	</object>
	<object>
		<name>paragraph</name>
		<pose>Unspecified</pose>
		<truncated>0</truncated>
		<difficult>0</difficult>
		<bndbox>
			<xmin>216</xmin>
			<ymin>270</ymin>
			<xmax>524</xmax>
			<ymax>381</ymax>
		</bndbox>
	</object>
	<object>
		<name>search bar</name>
		<pose>Unspecified</pose>
		<truncated>0</truncated>
		<difficult>0</difficult>
		<bndbox>
			<xmin>121</xmin>
			<ymin>409</ymin>
			<xmax>584</xmax>
			<ymax>476</ymax>
		</bndbox>
	</object>
	<object>
		<name>heading3</name>
		<pose>Unspecified</pose>
		<truncated>0</truncated>
		<difficult>0</difficult>
		<bndbox>
			<xmin>140</xmin>
			<ymin>500</ymin>
			<xmax>576</xmax>
			<ymax>608</ymax>
		</bndbox>
	</object>
</annotation>
