<annotation>
	<folder>processed_dataset_1</folder>
	<filename>D36A03F6-8240-41CF-9589-951B95EB6218.png</filename>
	<path>C:\Users\Kesava\Documents\Genie\processed_dataset_1\D36A03F6-8240-41CF-9589-951B95EB6218.png</path>
	<source>
		<database>Unknown</database>
	</source>
	<size>
		<width>720</width>
		<height>720</height>
		<depth>1</depth>
	</size>
	<segmented>0</segmented>
	<object>
		<name>paragraph</name>
		<pose>Unspecified</pose>
		<truncated>0</truncated>
		<difficult>0</difficult>
		<bndbox>
			<xmin>179</xmin>
			<ymin>62</ymin>
			<xmax>545</xmax>
			<ymax>181</ymax>
		</bndbox>
	</object>
	<object>
		<name>search bar</name>
		<pose>Unspecified</pose>
		<truncated>0</truncated>
		<difficult>0</difficult>
		<bndbox>
			<xmin>191</xmin>
			<ymin>181</ymin>
			<xmax>537</xmax>
			<ymax>308</ymax>
		</bndbox>
	</object>
	<object>
		<name>heading2</name>
		<pose>Unspecified</pose>
		<truncated>0</truncated>
		<difficult>0</difficult>
		<bndbox>
			<xmin>187</xmin>
			<ymin>316</ymin>
			<xmax>547</xmax>
			<ymax>420</ymax>
		</bndbox>
	</object>
	<object>
		<name>heading3</name>
		<pose>Unspecified</pose>
		<truncated>0</truncated>
		<difficult>0</difficult>
		<bndbox>
			<xmin>186</xmin>
			<ymin>426</ymin>
			<xmax>547</xmax>
			<ymax>541</ymax>
		</bndbox>
	</object>
	<object>
		<name>heading1</name>
		<pose>Unspecified</pose>
		<truncated>0</truncated>
		<difficult>0</difficult>
		<bndbox>
			<xmin>166</xmin>
			<ymin>547</ymin>
			<xmax>535</xmax>
			<ymax>677</ymax>
		</bndbox>
	</object>
</annotation>
