<annotation>
	<folder>processed_dataset_1</folder>
	<filename>F0D0A291-0D9F-4671-864F-D5E0780A2F22.png</filename>
	<path>C:\Users\Kesava\Documents\Genie\processed_dataset_1\F0D0A291-0D9F-4671-864F-D5E0780A2F22.png</path>
	<source>
		<database>Unknown</database>
	</source>
	<size>
		<width>720</width>
		<height>720</height>
		<depth>1</depth>
	</size>
	<segmented>0</segmented>
	<object>
		<name>inline stepper bar</name>
		<pose>Unspecified</pose>
		<truncated>0</truncated>
		<difficult>0</difficult>
		<bndbox>
			<xmin>122</xmin>
			<ymin>92</ymin>
			<xmax>552</xmax>
			<ymax>224</ymax>
		</bndbox>
	</object>
	<object>
		<name>picture</name>
		<pose>Unspecified</pose>
		<truncated>0</truncated>
		<difficult>0</difficult>
		<bndbox>
			<xmin>120</xmin>
			<ymin>210</ymin>
			<xmax>570</xmax>
			<ymax>423</ymax>
		</bndbox>
	</object>
	<object>
		<name>button</name>
		<pose>Unspecified</pose>
		<truncated>0</truncated>
		<difficult>0</difficult>
		<bndbox>
			<xmin>112</xmin>
			<ymin>439</ymin>
			<xmax>527</xmax>
			<ymax>592</ymax>
		</bndbox>
	</object>
</annotation>
