<annotation>
	<folder>processed_dataset_1</folder>
	<filename>F3F39F96-BB01-47C9-A90B-6135A0BF3B90.png</filename>
	<path>C:\Users\Kesava\Documents\Genie\processed_dataset_1\F3F39F96-BB01-47C9-A90B-6135A0BF3B90.png</path>
	<source>
		<database>Unknown</database>
	</source>
	<size>
		<width>720</width>
		<height>720</height>
		<depth>1</depth>
	</size>
	<segmented>0</segmented>
	<object>
		<name>heading1</name>
		<pose>Unspecified</pose>
		<truncated>0</truncated>
		<difficult>0</difficult>
		<bndbox>
			<xmin>135</xmin>
			<ymin>48</ymin>
			<xmax>557</xmax>
			<ymax>158</ymax>
		</bndbox>
	</object>
	<object>
		<name>heading2</name>
		<pose>Unspecified</pose>
		<truncated>0</truncated>
		<difficult>0</difficult>
		<bndbox>
			<xmin>154</xmin>
			<ymin>166</ymin>
			<xmax>548</xmax>
			<ymax>275</ymax>
		</bndbox>
	</object>
	<object>
		<name>paragraph</name>
		<pose>Unspecified</pose>
		<truncated>0</truncated>
		<difficult>0</difficult>
		<bndbox>
			<xmin>143</xmin>
			<ymin>335</ymin>
			<xmax>516</xmax>
			<ymax>461</ymax>
		</bndbox>
	</object>
	<object>
		<name>paragraph</name>
		<pose>Unspecified</pose>
		<truncated>0</truncated>
		<difficult>0</difficult>
		<bndbox>
			<xmin>111</xmin>
			<ymin>489</ymin>
			<xmax>495</xmax>
			<ymax>667</ymax>
		</bndbox>
	</object>
</annotation>
