<annotation>
	<folder>processed_dataset_1</folder>
	<filename>F75EEE3F-F32E-4F23-BBD7-F94764AEE80F.png</filename>
	<path>C:\Users\Kesava\Documents\Genie\processed_dataset_1\F75EEE3F-F32E-4F23-BBD7-F94764AEE80F.png</path>
	<source>
		<database>Unknown</database>
	</source>
	<size>
		<width>720</width>
		<height>720</height>
		<depth>1</depth>
	</size>
	<segmented>0</segmented>
	<object>
		<name>search bar</name>
		<pose>Unspecified</pose>
		<truncated>0</truncated>
		<difficult>0</difficult>
		<bndbox>
			<xmin>121</xmin>
			<ymin>54</ymin>
			<xmax>607</xmax>
			<ymax>121</ymax>
		</bndbox>
	</object>
	<object>
		<name>picture</name>
		<pose>Unspecified</pose>
		<truncated>0</truncated>
		<difficult>0</difficult>
		<bndbox>
			<xmin>126</xmin>
			<ymin>137</ymin>
			<xmax>608</xmax>
			<ymax>438</ymax>
		</bndbox>
	</object>
	<object>
		<name>paragraph</name>
		<pose>Unspecified</pose>
		<truncated>0</truncated>
		<difficult>0</difficult>
		<bndbox>
			<xmin>146</xmin>
			<ymin>466</ymin>
			<xmax>591</xmax>
			<ymax>540</ymax>
		</bndbox>
	</object>
</annotation>
