<annotation>
	<folder>processed_dataset_1</folder>
	<filename>F96838ED-E945-4CB6-9936-00A584996DBB.png</filename>
	<path>C:\Users\Kesava\Documents\Genie\processed_dataset_1\F96838ED-E945-4CB6-9936-00A584996DBB.png</path>
	<source>
		<database>Unknown</database>
	</source>
	<size>
		<width>720</width>
		<height>720</height>
		<depth>1</depth>
	</size>
	<segmented>0</segmented>
	<object>
		<name>button</name>
		<pose>Unspecified</pose>
		<truncated>0</truncated>
		<difficult>0</difficult>
		<bndbox>
			<xmin>181</xmin>
			<ymin>35</ymin>
			<xmax>608</xmax>
			<ymax>160</ymax>
		</bndbox>
	</object>
	<object>
		<name>search bar</name>
		<pose>Unspecified</pose>
		<truncated>0</truncated>
		<difficult>0</difficult>
		<bndbox>
			<xmin>185</xmin>
			<ymin>185</ymin>
			<xmax>552</xmax>
			<ymax>338</ymax>
		</bndbox>
	</object>
	<object>
		<name>picture</name>
		<pose>Unspecified</pose>
		<truncated>0</truncated>
		<difficult>0</difficult>
		<bndbox>
			<xmin>172</xmin>
			<ymin>350</ymin>
			<xmax>548</xmax>
			<ymax>531</ymax>
		</bndbox>
	</object>
	<object>
		<name>heading1</name>
		<pose>Unspecified</pose>
		<truncated>0</truncated>
		<difficult>0</difficult>
		<bndbox>
			<xmin>180</xmin>
			<ymin>545</ymin>
			<xmax>534</xmax>
			<ymax>681</ymax>
		</bndbox>
	</object>
</annotation>
