<annotation>
	<folder>processed_dataset_1</folder>
	<filename>F96E2581-09A4-4F74-AEF2-AFBF855EAAB3.png</filename>
	<path>C:\Users\Kesava\Documents\Genie\processed_dataset_1\F96E2581-09A4-4F74-AEF2-AFBF855EAAB3.png</path>
	<source>
		<database>Unknown</database>
	</source>
	<size>
		<width>720</width>
		<height>720</height>
		<depth>1</depth>
	</size>
	<segmented>0</segmented>
	<object>
		<name>picture</name>
		<pose>Unspecified</pose>
		<truncated>0</truncated>
		<difficult>0</difficult>
		<bndbox>
			<xmin>208</xmin>
			<ymin>70</ymin>
			<xmax>486</xmax>
			<ymax>168</ymax>
		</bndbox>
	</object>
	<object>
		<name>heading1</name>
		<pose>Unspecified</pose>
		<truncated>0</truncated>
		<difficult>0</difficult>
		<bndbox>
			<xmin>208</xmin>
			<ymin>173</ymin>
			<xmax>482</xmax>
			<ymax>269</ymax>
		</bndbox>
	</object>
	<object>
		<name>paragraph</name>
		<pose>Unspecified</pose>
		<truncated>0</truncated>
		<difficult>0</difficult>
		<bndbox>
			<xmin>193</xmin>
			<ymin>275</ymin>
			<xmax>512</xmax>
			<ymax>365</ymax>
		</bndbox>
	</object>
	<object>
		<name>paragraph</name>
		<pose>Unspecified</pose>
		<truncated>0</truncated>
		<difficult>0</difficult>
		<bndbox>
			<xmin>190</xmin>
			<ymin>376</ymin>
			<xmax>517</xmax>
			<ymax>650</ymax>
		</bndbox>
	</object>
</annotation>
