<annotation>
	<folder>processed_dataset_1</folder>
	<filename>IMG_2927.png</filename>
	<path>C:\Users\Kesava\Documents\Genie\processed_dataset_1\IMG_2927.png</path>
	<source>
		<database>Unknown</database>
	</source>
	<size>
		<width>720</width>
		<height>720</height>
		<depth>1</depth>
	</size>
	<segmented>0</segmented>
	<object>
		<name>inline stepper bar</name>
		<pose>Unspecified</pose>
		<truncated>0</truncated>
		<difficult>0</difficult>
		<bndbox>
			<xmin>69</xmin>
			<ymin>28</ymin>
			<xmax>603</xmax>
			<ymax>181</ymax>
		</bndbox>
	</object>
	<object>
		<name>button</name>
		<pose>Unspecified</pose>
		<truncated>0</truncated>
		<difficult>0</difficult>
		<bndbox>
			<xmin>72</xmin>
			<ymin>193</ymin>
			<xmax>647</xmax>
			<ymax>383</ymax>
		</bndbox>
	</object>
	<object>
		<name>heading1</name>
		<pose>Unspecified</pose>
		<truncated>0</truncated>
		<difficult>0</difficult>
		<bndbox>
			<xmin>90</xmin>
			<ymin>388</ymin>
			<xmax>640</xmax>
			<ymax>553</ymax>
		</bndbox>
	</object>
	<object>
		<name>paragraph</name>
		<pose>Unspecified</pose>
		<truncated>0</truncated>
		<difficult>0</difficult>
		<bndbox>
			<xmin>83</xmin>
			<ymin>552</ymin>
			<xmax>647</xmax>
			<ymax>685</ymax>
		</bndbox>
	</object>
</annotation>
