<annotation>
	<folder>processed_dataset_1</folder>
	<filename>IMG_2922.png</filename>
	<path>C:\Users\Kesava\Documents\Genie\processed_dataset_1\IMG_2922.png</path>
	<source>
		<database>Unknown</database>
	</source>
	<size>
		<width>720</width>
		<height>720</height>
		<depth>1</depth>
	</size>
	<segmented>0</segmented>
	<object>
		<name>heading1</name>
		<pose>Unspecified</pose>
		<truncated>0</truncated>
		<difficult>0</difficult>
		<bndbox>
			<xmin>77</xmin>
			<ymin>19</ymin>
			<xmax>612</xmax>
			<ymax>190</ymax>
		</bndbox>
	</object>
	<object>
		<name>heading2</name>
		<pose>Unspecified</pose>
		<truncated>0</truncated>
		<difficult>0</difficult>
		<bndbox>
			<xmin>121</xmin>
			<ymin>199</ymin>
			<xmax>616</xmax>
			<ymax>339</ymax>
		</bndbox>
	</object>
	<object>
		<name>search bar</name>
		<pose>Unspecified</pose>
		<truncated>0</truncated>
		<difficult>0</difficult>
		<bndbox>
			<xmin>110</xmin>
			<ymin>346</ymin>
			<xmax>620</xmax>
			<ymax>494</ymax>
		</bndbox>
	</object>
	<object>
		<name>picture</name>
		<pose>Unspecified</pose>
		<truncated>0</truncated>
		<difficult>0</difficult>
		<bndbox>
			<xmin>156</xmin>
			<ymin>495</ymin>
			<xmax>585</xmax>
			<ymax>677</ymax>
		</bndbox>
	</object>
</annotation>
