<annotation>
	<folder>processed_dataset_1</folder>
	<filename>IMG_2924.png</filename>
	<path>C:\Users\Kesava\Documents\Genie\processed_dataset_1\IMG_2924.png</path>
	<source>
		<database>Unknown</database>
	</source>
	<size>
		<width>720</width>
		<height>720</height>
		<depth>1</depth>
	</size>
	<segmented>0</segmented>
	<object>
		<name>heading1</name>
		<pose>Unspecified</pose>
		<truncated>0</truncated>
		<difficult>0</difficult>
		<bndbox>
			<xmin>122</xmin>
			<ymin>81</ymin>
			<xmax>638</xmax>
			<ymax>288</ymax>
		</bndbox>
	</object>
	<object>
		<name>button</name>
		<pose>Unspecified</pose>
		<truncated>0</truncated>
		<difficult>0</difficult>
		<bndbox>
			<xmin>143</xmin>
			<ymin>306</ymin>
			<xmax>575</xmax>
			<ymax>443</ymax>
		</bndbox>
	</object>
	<object>
		<name>inline stepper bar</name>
		<pose>Unspecified</pose>
		<truncated>0</truncated>
		<difficult>0</difficult>
		<bndbox>
			<xmin>135</xmin>
			<ymin>477</ymin>
			<xmax>601</xmax>
			<ymax>639</ymax>
		</bndbox>
	</object>
</annotation>
