<annotation>
	<folder>processed_dataset_1</folder>
	<filename>IMG_2925.png</filename>
	<path>C:\Users\Kesava\Documents\Genie\processed_dataset_1\IMG_2925.png</path>
	<source>
		<database>Unknown</database>
	</source>
	<size>
		<width>720</width>
		<height>720</height>
		<depth>1</depth>
	</size>
	<segmented>0</segmented>
	<object>
		<name>inline stepper bar</name>
		<pose>Unspecified</pose>
		<truncated>0</truncated>
		<difficult>0</difficult>
		<bndbox>
			<xmin>93</xmin>
			<ymin>72</ymin>
			<xmax>529</xmax>
			<ymax>226</ymax>
		</bndbox>
	</object>
	<object>
		<name>heading2</name>
		<pose>Unspecified</pose>
		<truncated>0</truncated>
		<difficult>0</difficult>
		<bndbox>
			<xmin>77</xmin>
			<ymin>257</ymin>
			<xmax>550</xmax>
			<ymax>388</ymax>
		</bndbox>
	</object>
	<object>
		<name>heading3</name>
		<pose>Unspecified</pose>
		<truncated>0</truncated>
		<difficult>0</difficult>
		<bndbox>
			<xmin>87</xmin>
			<ymin>394</ymin>
			<xmax>462</xmax>
			<ymax>522</ymax>
		</bndbox>
	</object>
	<object>
		<name>picture</name>
		<pose>Unspecified</pose>
		<truncated>0</truncated>
		<difficult>0</difficult>
		<bndbox>
			<xmin>123</xmin>
			<ymin>542</ymin>
			<xmax>511</xmax>
			<ymax>677</ymax>
		</bndbox>
	</object>
</annotation>
