<annotation>
	<folder>processed_dataset_1</folder>
	<filename>IMG_2920.png</filename>
	<path>C:\Users\Kesava\Documents\Genie\processed_dataset_1\IMG_2920.png</path>
	<source>
		<database>Unknown</database>
	</source>
	<size>
		<width>720</width>
		<height>720</height>
		<depth>1</depth>
	</size>
	<segmented>0</segmented>
	<object>
		<name>heading1</name>
		<pose>Unspecified</pose>
		<truncated>0</truncated>
		<difficult>0</difficult>
		<bndbox>
			<xmin>121</xmin>
			<ymin>5</ymin>
			<xmax>595</xmax>
			<ymax>171</ymax>
		</bndbox>
	</object>
	<object>
		<name>picture</name>
		<pose>Unspecified</pose>
		<truncated>0</truncated>
		<difficult>0</difficult>
		<bndbox>
			<xmin>146</xmin>
			<ymin>170</ymin>
			<xmax>611</xmax>
			<ymax>443</ymax>
		</bndbox>
	</object>
	<object>
		<name>heading2</name>
		<pose>Unspecified</pose>
		<truncated>0</truncated>
		<difficult>0</difficult>
		<bndbox>
			<xmin>166</xmin>
			<ymin>447</ymin>
			<xmax>613</xmax>
			<ymax>570</ymax>
		</bndbox>
	</object>
	<object>
		<name>search bar</name>
		<pose>Unspecified</pose>
		<truncated>0</truncated>
		<difficult>0</difficult>
		<bndbox>
			<xmin>165</xmin>
			<ymin>561</ymin>
			<xmax>597</xmax>
			<ymax>692</ymax>
		</bndbox>
	</object>
</annotation>
