<annotation>
	<folder>processed_dataset_1</folder>
	<filename>IMG_2918.png</filename>
	<path>C:\Users\Kesava\Documents\Genie\processed_dataset_1\IMG_2918.png</path>
	<source>
		<database>Unknown</database>
	</source>
	<size>
		<width>720</width>
		<height>720</height>
		<depth>1</depth>
	</size>
	<segmented>0</segmented>
	<object>
		<name>heading1</name>
		<pose>Unspecified</pose>
		<truncated>0</truncated>
		<difficult>0</difficult>
		<bndbox>
			<xmin>139</xmin>
			<ymin>15</ymin>
			<xmax>597</xmax>
			<ymax>173</ymax>
		</bndbox>
	</object>
	<object>
		<name>picture</name>
		<pose>Unspecified</pose>
		<truncated>0</truncated>
		<difficult>0</difficult>
		<bndbox>
			<xmin>167</xmin>
			<ymin>171</ymin>
			<xmax>612</xmax>
			<ymax>435</ymax>
		</bndbox>
	</object>
	<object>
		<name>heading2</name>
		<pose>Unspecified</pose>
		<truncated>0</truncated>
		<difficult>0</difficult>
		<bndbox>
			<xmin>188</xmin>
			<ymin>440</ymin>
			<xmax>612</xmax>
			<ymax>556</ymax>
		</bndbox>
	</object>
	<object>
		<name>search bar</name>
		<pose>Unspecified</pose>
		<truncated>0</truncated>
		<difficult>0</difficult>
		<bndbox>
			<xmin>182</xmin>
			<ymin>550</ymin>
			<xmax>597</xmax>
			<ymax>675</ymax>
		</bndbox>
	</object>
</annotation>
