<annotation>
	<folder>processed_dataset_1</folder>
	<filename>IMG_2916.png</filename>
	<path>C:\Users\Kesava\Documents\Genie\processed_dataset_1\IMG_2916.png</path>
	<source>
		<database>Unknown</database>
	</source>
	<size>
		<width>720</width>
		<height>720</height>
		<depth>1</depth>
	</size>
	<segmented>0</segmented>
	<object>
		<name>heading2</name>
		<pose>Unspecified</pose>
		<truncated>0</truncated>
		<difficult>0</difficult>
		<bndbox>
			<xmin>130</xmin>
			<ymin>7</ymin>
			<xmax>592</xmax>
			<ymax>169</ymax>
		</bndbox>
	</object>
	<object>
		<name>heading1</name>
		<pose>Unspecified</pose>
		<truncated>0</truncated>
		<difficult>0</difficult>
		<bndbox>
			<xmin>151</xmin>
			<ymin>178</ymin>
			<xmax>600</xmax>
			<ymax>343</ymax>
		</bndbox>
	</object>
	<object>
		<name>picture</name>
		<pose>Unspecified</pose>
		<truncated>0</truncated>
		<difficult>0</difficult>
		<bndbox>
			<xmin>181</xmin>
			<ymin>351</ymin>
			<xmax>578</xmax>
			<ymax>602</ymax>
		</bndbox>
	</object>
	<object>
		<name>search bar</name>
		<pose>Unspecified</pose>
		<truncated>0</truncated>
		<difficult>0</difficult>
		<bndbox>
			<xmin>167</xmin>
			<ymin>611</ymin>
			<xmax>610</xmax>
			<ymax>696</ymax>
		</bndbox>
	</object>
</annotation>
