<annotation>
	<folder>processed_dataset_1</folder>
	<filename>IMG_2913.png</filename>
	<path>C:\Users\Kesava\Documents\Genie\processed_dataset_1\IMG_2913.png</path>
	<source>
		<database>Unknown</database>
	</source>
	<size>
		<width>720</width>
		<height>720</height>
		<depth>1</depth>
	</size>
	<segmented>0</segmented>
	<object>
		<name>heading1</name>
		<pose>Unspecified</pose>
		<truncated>0</truncated>
		<difficult>0</difficult>
		<bndbox>
			<xmin>148</xmin>
			<ymin>13</ymin>
			<xmax>585</xmax>
			<ymax>138</ymax>
		</bndbox>
	</object>
	<object>
		<name>heading2</name>
		<pose>Unspecified</pose>
		<truncated>0</truncated>
		<difficult>0</difficult>
		<bndbox>
			<xmin>140</xmin>
			<ymin>143</ymin>
			<xmax>608</xmax>
			<ymax>274</ymax>
		</bndbox>
	</object>
	<object>
		<name>search bar</name>
		<pose>Unspecified</pose>
		<truncated>0</truncated>
		<difficult>0</difficult>
		<bndbox>
			<xmin>154</xmin>
			<ymin>278</ymin>
			<xmax>600</xmax>
			<ymax>401</ymax>
		</bndbox>
	</object>
	<object>
		<name>picture</name>
		<pose>Unspecified</pose>
		<truncated>0</truncated>
		<difficult>0</difficult>
		<bndbox>
			<xmin>162</xmin>
			<ymin>415</ymin>
			<xmax>608</xmax>
			<ymax>706</ymax>
		</bndbox>
	</object>
</annotation>
