<annotation>
	<folder>processed_dataset_1</folder>
	<filename>IMG_2917.png</filename>
	<path>C:\Users\Kesava\Documents\Genie\processed_dataset_1\IMG_2917.png</path>
	<source>
		<database>Unknown</database>
	</source>
	<size>
		<width>720</width>
		<height>720</height>
		<depth>1</depth>
	</size>
	<segmented>0</segmented>
	<object>
		<name>heading2</name>
		<pose>Unspecified</pose>
		<truncated>0</truncated>
		<difficult>0</difficult>
		<bndbox>
			<xmin>134</xmin>
			<ymin>7</ymin>
			<xmax>603</xmax>
			<ymax>177</ymax>
		</bndbox>
	</object>
	<object>
		<name>heading1</name>
		<pose>Unspecified</pose>
		<truncated>0</truncated>
		<difficult>0</difficult>
		<bndbox>
			<xmin>153</xmin>
			<ymin>181</ymin>
			<xmax>609</xmax>
			<ymax>348</ymax>
		</bndbox>
	</object>
	<object>
		<name>picture</name>
		<pose>Unspecified</pose>
		<truncated>0</truncated>
		<difficult>0</difficult>
		<bndbox>
			<xmin>187</xmin>
			<ymin>355</ymin>
			<xmax>591</xmax>
			<ymax>609</ymax>
		</bndbox>
	</object>
	<object>
		<name>search bar</name>
		<pose>Unspecified</pose>
		<truncated>0</truncated>
		<difficult>0</difficult>
		<bndbox>
			<xmin>178</xmin>
			<ymin>617</ymin>
			<xmax>628</xmax>
			<ymax>707</ymax>
		</bndbox>
	</object>
</annotation>
