<annotation>
	<folder>processed_dataset_1</folder>
	<filename>IMG_2923.png</filename>
	<path>C:\Users\Kesava\Documents\Genie\processed_dataset_1\IMG_2923.png</path>
	<source>
		<database>Unknown</database>
	</source>
	<size>
		<width>720</width>
		<height>720</height>
		<depth>1</depth>
	</size>
	<segmented>0</segmented>
	<object>
		<name>picture</name>
		<pose>Unspecified</pose>
		<truncated>0</truncated>
		<difficult>0</difficult>
		<bndbox>
			<xmin>118</xmin>
			<ymin>26</ymin>
			<xmax>611</xmax>
			<ymax>161</ymax>
		</bndbox>
	</object>
	<object>
		<name>search bar</name>
		<pose>Unspecified</pose>
		<truncated>0</truncated>
		<difficult>0</difficult>
		<bndbox>
			<xmin>124</xmin>
			<ymin>161</ymin>
			<xmax>624</xmax>
			<ymax>315</ymax>
		</bndbox>
	</object>
	<object>
		<name>heading1</name>
		<pose>Unspecified</pose>
		<truncated>0</truncated>
		<difficult>0</difficult>
		<bndbox>
			<xmin>136</xmin>
			<ymin>323</ymin>
			<xmax>660</xmax>
			<ymax>474</ymax>
		</bndbox>
	</object>
	<object>
		<name>button</name>
		<pose>Unspecified</pose>
		<truncated>0</truncated>
		<difficult>0</difficult>
		<bndbox>
			<xmin>138</xmin>
			<ymin>483</ymin>
			<xmax>642</xmax>
			<ymax>640</ymax>
		</bndbox>
	</object>
</annotation>
