<annotation>
	<folder>processed_dataset_1</folder>
	<filename>IMG_2921.png</filename>
	<path>C:\Users\Kesava\Documents\Genie\processed_dataset_1\IMG_2921.png</path>
	<source>
		<database>Unknown</database>
	</source>
	<size>
		<width>720</width>
		<height>720</height>
		<depth>1</depth>
	</size>
	<segmented>0</segmented>
	<object>
		<name>picture</name>
		<pose>Unspecified</pose>
		<truncated>0</truncated>
		<difficult>0</difficult>
		<bndbox>
			<xmin>165</xmin>
			<ymin>23</ymin>
			<xmax>605</xmax>
			<ymax>354</ymax>
		</bndbox>
	</object>
	<object>
		<name>heading1</name>
		<pose>Unspecified</pose>
		<truncated>0</truncated>
		<difficult>0</difficult>
		<bndbox>
			<xmin>184</xmin>
			<ymin>346</ymin>
			<xmax>601</xmax>
			<ymax>477</ymax>
		</bndbox>
	</object>
	<object>
		<name>search bar</name>
		<pose>Unspecified</pose>
		<truncated>0</truncated>
		<difficult>0</difficult>
		<bndbox>
			<xmin>182</xmin>
			<ymin>483</ymin>
			<xmax>599</xmax>
			<ymax>600</ymax>
		</bndbox>
	</object>
	<object>
		<name>heading2</name>
		<pose>Unspecified</pose>
		<truncated>0</truncated>
		<difficult>0</difficult>
		<bndbox>
			<xmin>185</xmin>
			<ymin>597</ymin>
			<xmax>589</xmax>
			<ymax>710</ymax>
		</bndbox>
	</object>
</annotation>
